,Time,value,Cueing
0,-1.0,-0.016503717032937737,Cued
1,-0.9979166666666667,-0.7211400704931706,Cued
2,-0.9958333333333333,-1.0144378627809008,Cued
3,-0.99375,-0.5247886090033284,Cued
4,-0.9916666666666667,0.49088113910182135,Cued
5,-0.9895833333333334,1.2151055854387516,Cued
6,-0.9875,0.9680192480305704,Cued
7,-0.9854166666666667,-0.10763775178567654,Cued
8,-0.9833333333333333,-1.099038052638609,Cued
9,-0.98125,-1.1533423806969456,Cued
10,-0.9791666666666666,-0.26999506974198084,Cued
11,-0.9770833333333333,0.7365547833230269,Cued
12,-0.975,1.0356932094567481,Cued
13,-0.9729166666666667,0.5126619190015265,Cued
14,-0.9708333333333333,-0.2533622497756795,Cued
15,-0.96875,-0.6383695666985366,Cued
16,-0.9666666666666667,-0.5045385560845438,Cued
17,-0.9645833333333333,-0.1456944105987132,Cued
18,-0.9625,0.1405901819186464,Cued
19,-0.9604166666666667,0.29279748982683756,Cued
20,-0.9583333333333334,0.3536727677180606,Cued
21,-0.95625,0.2744191122202361,Cued
22,-0.9541666666666667,-0.002987578420842509,Cued
23,-0.9520833333333333,-0.3396363963126077,Cued
24,-0.95,-0.43772075625461193,Cued
25,-0.9479166666666666,-0.1588784674736595,Cued
26,-0.9458333333333333,0.2474330925289143,Cued
27,-0.94375,0.3676549223989281,Cued
28,-0.9416666666666667,0.09005126847999405,Cued
29,-0.9395833333333333,-0.22878412589569383,Cued
30,-0.9375,-0.1699337814718456,Cued
31,-0.9354166666666667,0.21345308584275902,Cued
32,-0.9333333333333333,0.405835937098418,Cued
33,-0.93125,0.03966688805391747,Cued
34,-0.9291666666666667,-0.5834935707083555,Cued
35,-0.9270833333333334,-0.7321835892650052,Cued
36,-0.925,-0.06859554725841095,Cued
37,-0.9229166666666666,0.8622889474295933,Cued
38,-0.9208333333333334,1.0940115581493461,Cued
39,-0.91875,0.26244057278360994,Cued
40,-0.9166666666666666,-0.9225583299056126,Cued
41,-0.9145833333333333,-1.3149541685891146,Cued
42,-0.9125,-0.48865623499185734,Cued
43,-0.9104166666666667,0.7955091553321539,Cued
44,-0.9083333333333333,1.3300494433458223,Cued
45,-0.90625,0.6443424671998915,Cued
46,-0.9041666666666667,-0.5594591172133461,Cued
47,-0.9020833333333333,-1.1425567192200086,Cued
48,-0.9,-0.6449472060340667,Cued
49,-0.8979166666666667,0.34414564409445364,Cued
50,-0.8958333333333334,0.8629066324985327,Cued
51,-0.89375,0.5308388873768165,Cued
52,-0.8916666666666666,-0.18963295238098363,Cued
53,-0.8895833333333334,-0.5728460128204761,Cued
54,-0.8875,-0.35956072586426857,Cued
55,-0.8854166666666666,0.1074298664902073,Cued
56,-0.8833333333333333,0.3486330998556988,Cued
57,-0.88125,0.2235568021917328,Cued
58,-0.8791666666666667,-0.03476499668570032,Cued
59,-0.8770833333333333,-0.16503187885592885,Cued
60,-0.875,-0.13009510786956283,Cued
61,-0.8729166666666667,-0.051823634423371144,Cued
62,-0.8708333333333333,0.001108442151467326,Cued
63,-0.86875,0.0637587447569005,Cued
64,-0.8666666666666667,0.15713816160403227,Cued
65,-0.8645833333333334,0.19420194054118592,Cued
66,-0.8625,0.06445733609683779,Cued
67,-0.8604166666666666,-0.1977377006133937,Cued
68,-0.8583333333333334,-0.3863291016452144,Cued
69,-0.85625,-0.28908825191756865,Cued
70,-0.8541666666666666,0.09488303599543137,Cued
71,-0.8520833333333333,0.5079359167897002,Cued
72,-0.85,0.6063192745337087,Cued
73,-0.8479166666666667,0.22688548469341477,Cued
74,-0.8458333333333333,-0.43066636871963376,Cued
75,-0.84375,-0.8877115136516472,Cued
76,-0.8416666666666667,-0.706653397203611,Cued
77,-0.8395833333333333,0.10806453495682011,Cued
78,-0.8375,0.9957154539647167,Cued
79,-0.8354166666666667,1.2031456946024612,Cued
80,-0.8333333333333334,0.42937653447707574,Cued
81,-0.83125,-0.8053647738814759,Cued
82,-0.8291666666666666,-1.4930767211620892,Cued
83,-0.8270833333333334,-0.9860119843921828,Cued
84,-0.825,0.3662388150261269,Cued
85,-0.8229166666666666,1.4511736107946351,Cued
86,-0.8208333333333333,1.3543342687662179,Cued
87,-0.81875,0.17174431539267754,Cued
88,-0.8166666666666667,-1.0704145016891913,Cued
89,-0.8145833333333333,-1.3555737327096642,Cued
90,-0.8125,-0.5526860992724046,Cued
91,-0.8104166666666667,0.5464565443501416,Cued
92,-0.8083333333333333,1.0172039349654838,Cued
93,-0.80625,0.618509975369732,Cued
94,-0.8041666666666667,-0.1139147555844765,Cued
95,-0.8020833333333334,-0.49670823526478297,Cued
96,-0.8,-0.3418892674634147,Cued
97,-0.7979166666666666,-0.013032470279460842,Cued
98,-0.7958333333333334,0.07092964502364527,Cued
99,-0.79375,-0.10279042565771905,Cued
100,-0.7916666666666666,-0.1832480268622724,Cued
101,-0.7895833333333333,0.0767812744247469,Cued
102,-0.7875,0.48761970948474165,Cued
103,-0.7854166666666667,0.5782693788961802,Cued
104,-0.7833333333333333,0.11054352342187988,Cued
105,-0.78125,-0.602115981258622,Cued
106,-0.7791666666666667,-0.9176084500298872,Cued
107,-0.7770833333333333,-0.4711124176420649,Cued
108,-0.775,0.43071233078213567,Cued
109,-0.7729166666666667,1.0291888588299558,Cued
110,-0.7708333333333334,0.7936048417210407,Cued
111,-0.76875,-0.0873920304860291,Cued
112,-0.7666666666666666,-0.8586995094572686,Cued
113,-0.7645833333333334,-0.8792230029933217,Cued
114,-0.7625,-0.18949225146357584,Cued
115,-0.7604166666666666,0.5549310689617796,Cued
116,-0.7583333333333333,0.7203192860431108,Cued
117,-0.75625,0.26291900612665897,Cued
118,-0.7541666666666667,-0.29642191131354023,Cued
119,-0.7520833333333333,-0.4302381041071098,Cued
120,-0.75,-0.10929865226778569,Cued
121,-0.7479166666666667,0.23587101043546466,Cued
122,-0.7458333333333333,0.20956003796795733,Cued
123,-0.74375,-0.1238620490192971,Cued
124,-0.7416666666666667,-0.3367617701018055,Cued
125,-0.7395833333333333,-0.13600540096589475,Cued
126,-0.7375,0.2947432622327349,Cued
127,-0.7354166666666666,0.48364204766227553,Cued
128,-0.7333333333333334,0.1881522561155289,Cued
129,-0.73125,-0.3223739424406568,Cued
130,-0.7291666666666667,-0.5324267624968827,Cued
131,-0.7270833333333333,-0.21960287426390954,Cued
132,-0.725,0.291489270933842,Cued
133,-0.7229166666666667,0.47238306401117525,Cued
134,-0.7208333333333333,0.15231435547901692,Cued
135,-0.71875,-0.29599533127690864,Cued
136,-0.7166666666666667,-0.369921786006147,Cued
137,-0.7145833333333333,0.008300136077891943,Cued
138,-0.7125,0.4065874597301338,Cued
139,-0.7104166666666667,0.3493245090655734,Cued
140,-0.7083333333333333,-0.1441521502297286,Cued
141,-0.70625,-0.554144282121063,Cued
142,-0.7041666666666666,-0.4107966898090177,Cued
143,-0.7020833333333334,0.18594470783696396,Cued
144,-0.7,0.640067671664949,Cued
145,-0.6979166666666667,0.4853874837151457,Cued
146,-0.6958333333333333,-0.12672610478829568,Cued
147,-0.69375,-0.5795982604981155,Cued
148,-0.6916666666666667,-0.44020653508786695,Cued
149,-0.6895833333333333,0.0954837166964284,Cued
150,-0.6875,0.4357591569544817,Cued
151,-0.6854166666666667,0.24281887896777224,Cued
152,-0.6833333333333333,-0.1962880231707369,Cued
153,-0.68125,-0.31529003087849583,Cued
154,-0.6791666666666667,0.06517358855680343,Cued
155,-0.6770833333333333,0.4872292983513497,Cued
156,-0.675,0.35630625396978505,Cued
157,-0.6729166666666666,-0.3336818748137493,Cued
158,-0.6708333333333334,-0.8802156366025705,Cued
159,-0.66875,-0.5734714648765508,Cued
160,-0.6666666666666667,0.4659785367008869,Cued
161,-0.6645833333333333,1.2608456555777459,Cued
162,-0.6625,0.9137874042212429,Cued
163,-0.6604166666666667,-0.40712086062226893,Cued
164,-0.6583333333333333,-1.494657104315894,Cued
165,-0.65625,-1.2395668131046393,Cued
166,-0.6541666666666667,0.22144177883581254,Cued
167,-0.6520833333333333,1.5462634565231157,Cued
168,-0.65,1.463366720753805,Cued
169,-0.6479166666666667,0.025386206273453716,Cued
170,-0.6458333333333333,-1.413074030966656,Cued
171,-0.64375,-1.5140207778359063,Cued
172,-0.6416666666666666,-0.2396026470877204,Cued
173,-0.6395833333333334,1.1633102872176693,Cued
174,-0.6375,1.4123899554202641,Cued
175,-0.6354166666666667,0.3926107436782717,Cued
176,-0.6333333333333333,-0.8439383920617649,Cued
177,-0.63125,-1.176202939414736,Cued
178,-0.6291666666666667,-0.44566662043939864,Cued
179,-0.6270833333333333,0.5397734070860202,Cued
180,-0.625,0.8871704007740872,Cued
181,-0.6229166666666667,0.42309371848456756,Cued
182,-0.6208333333333333,-0.29053227185990727,Cued
183,-0.61875,-0.5981126541805353,Cued
184,-0.6166666666666667,-0.3334692133287774,Cued
185,-0.6145833333333333,0.15128667979107077,Cued
186,-0.6125,0.39615139627807067,Cued
187,-0.6104166666666666,0.24017943937775021,Cued
188,-0.6083333333333334,-0.10062092478702872,Cued
189,-0.60625,-0.28854058565952495,Cued
190,-0.6041666666666667,-0.16619695883202798,Cued
191,-0.6020833333333333,0.12056039297853705,Cued
192,-0.6,0.27722683618080346,Cued
193,-0.5979166666666667,0.14453684307875284,Cued
194,-0.5958333333333333,-0.14181523695585835,Cued
195,-0.59375,-0.28037662129520285,Cued
196,-0.5916666666666667,-0.11894245295156758,Cued
197,-0.5895833333333333,0.16918702223277537,Cued
198,-0.5875,0.26172026134248577,Cued
199,-0.5854166666666667,0.056023434676453376,Cued
200,-0.5833333333333333,-0.20136364469364995,Cued
201,-0.58125,-0.19150066173025812,Cued
202,-0.5791666666666666,0.09371701611510895,Cued
203,-0.5770833333333334,0.3055942666177005,Cued
204,-0.575,0.14096702271381403,Cued
205,-0.5729166666666667,-0.27194081805397596,Cued
206,-0.5708333333333333,-0.46629459998455997,Cued
207,-0.56875,-0.15395504340684804,Cued
208,-0.5666666666666667,0.4062030625192987,Cued
209,-0.5645833333333333,0.6391791354163839,Cued
210,-0.5625,0.2641939249564165,Cued
211,-0.5604166666666667,-0.3819659630455792,Cued
212,-0.5583333333333333,-0.6856754997592244,Cued
213,-0.55625,-0.37976901205223457,Cued
214,-0.5541666666666667,0.2118705825097342,Cued
215,-0.5520833333333333,0.5449232235940215,Cued
216,-0.55,0.3985857637054731,Cued
217,-0.5479166666666666,0.022786171571570323,Cued
218,-0.5458333333333334,-0.21255681577184335,Cued
219,-0.54375,-0.2116073285893837,Cued
220,-0.5416666666666667,-0.15341119072590895,Cued
221,-0.5395833333333333,-0.1626664019408281,Cued
222,-0.5375,-0.12592386694714164,Cued
223,-0.5354166666666667,0.10998059866445502,Cued
224,-0.5333333333333333,0.4300092701869445,Cued
225,-0.53125,0.4888773683620466,Cued
226,-0.5291666666666667,0.09367558046423763,Cued
227,-0.5270833333333333,-0.4818126077693452,Cued
228,-0.525,-0.6938129123171858,Cued
229,-0.5229166666666667,-0.2842704031435617,Cued
230,-0.5208333333333333,0.397003087401625,Cued
231,-0.51875,0.6983189011553724,Cued
232,-0.5166666666666666,0.32980323962105984,Cued
233,-0.5145833333333334,-0.3201674638829848,Cued
234,-0.5125,-0.573415112519482,Cued
235,-0.5104166666666667,-0.17606856701041643,Cued
236,-0.5083333333333333,0.41471950561339194,Cued
237,-0.50625,0.5168715568155335,Cued
238,-0.5041666666666667,-0.03523252764734892,Cued
239,-0.5020833333333333,-0.6640610719127376,Cued
240,-0.5,-0.6361518143533061,Cued
241,-0.4979166666666667,0.13860222427129018,Cued
242,-0.49583333333333335,0.9382391325124239,Cued
243,-0.49375,0.9180827492848534,Cued
244,-0.4916666666666667,-0.008535495239254185,Cued
245,-0.48958333333333337,-1.025566110846434,Cued
246,-0.48750000000000004,-1.171752121796285,Cued
247,-0.4854166666666667,-0.2770358400198422,Cued
248,-0.4833333333333333,0.8604445036658293,Cued
249,-0.48124999999999996,1.2285475364645648,Cued
250,-0.47916666666666663,0.5456833373891773,Cued
251,-0.4770833333333333,-0.5135655377157848,Cued
252,-0.475,-1.0059410310333232,Cued
253,-0.47291666666666665,-0.6003153008611207,Cued
254,-0.4708333333333333,0.1970480093332828,Cued
255,-0.46875,0.6236871179027044,Cued
256,-0.4666666666666667,0.40922550122527257,Cued
257,-0.46458333333333335,-0.06354276745579217,Cued
258,-0.4625,-0.2549254209139148,Cued
259,-0.4604166666666667,-0.05579468450690034,Cued
260,-0.45833333333333337,0.1679118988910553,Cued
261,-0.45625000000000004,0.06236068720525234,Cued
262,-0.4541666666666667,-0.27377359434558796,Cued
263,-0.4520833333333333,-0.3974326744292318,Cued
264,-0.44999999999999996,-0.05407620964939219,Cued
265,-0.44791666666666663,0.47448067598073473,Cued
266,-0.4458333333333333,0.6287581099238065,Cued
267,-0.44375,0.17327878661531249,Cued
268,-0.44166666666666665,-0.5034806291482613,Cued
269,-0.4395833333333333,-0.7483212699444923,Cued
270,-0.4375,-0.29952477265488137,Cued
271,-0.4354166666666667,0.42648006256258303,Cued
272,-0.43333333333333335,0.7466622079158863,Cued
273,-0.43125,0.38320100058295165,Cued
274,-0.4291666666666667,-0.2868131479408261,Cued
275,-0.42708333333333337,-0.6310313799764146,Cued
276,-0.42500000000000004,-0.3813313233794511,Cued
277,-0.4229166666666667,0.1562325101942507,Cued
278,-0.4208333333333333,0.45957217032954745,Cued
279,-0.41874999999999996,0.3107792845441328,Cued
280,-0.41666666666666663,-0.058769380814837756,Cued
281,-0.4145833333333333,-0.271843945096492,Cued
282,-0.4125,-0.17887610333677684,Cued
283,-0.41041666666666665,0.04708642789685621,Cued
284,-0.4083333333333333,0.15428473976492912,Cued
285,-0.40625,0.06334444649887559,Cued
286,-0.4041666666666667,-0.09524839499482722,Cued
287,-0.40208333333333335,-0.14125517182115635,Cued
288,-0.4,-0.02301144222826808,Cued
289,-0.3979166666666667,0.1552201247018836,Cued
290,-0.39583333333333337,0.23137005615878078,Cued
291,-0.39375000000000004,0.1207310725294732,Cued
292,-0.3916666666666667,-0.11841451448188578,Cued
293,-0.3895833333333333,-0.3084665972228185,Cued
294,-0.38749999999999996,-0.28024937982900294,Cued
295,-0.38541666666666663,-0.0242073142043497,Cued
296,-0.3833333333333333,0.2738686976691656,Cued
297,-0.38125,0.3750264343221383,Cued
298,-0.37916666666666665,0.20753842923297636,Cued
299,-0.3770833333333333,-0.07516243907750567,Cued
300,-0.375,-0.2561450552374872,Cued
301,-0.3729166666666667,-0.25672338893173346,Cued
302,-0.37083333333333335,-0.1620872568683147,Cued
303,-0.36875,-0.058126537583912646,Cued
304,-0.3666666666666667,0.0782465061145181,Cued
305,-0.36458333333333337,0.2839689857839954,Cued
306,-0.36250000000000004,0.4330865408938445,Cued
307,-0.3604166666666667,0.29339380673233784,Cued
308,-0.3583333333333333,-0.17590528009324713,Cued
309,-0.35624999999999996,-0.6384254298971854,Cued
310,-0.35416666666666663,-0.6333720417463397,Cued
311,-0.3520833333333333,-0.0703228455801117,Cued
312,-0.35,0.5896381936272223,Cued
313,-0.34791666666666665,0.7443229300785498,Cued
314,-0.3458333333333333,0.264644000505417,Cued
315,-0.34375,-0.35874686872291406,Cued
316,-0.3416666666666667,-0.5382836559165493,Cued
317,-0.33958333333333335,-0.2035473961611666,Cued
318,-0.3375,0.1739670035681974,Cued
319,-0.3354166666666667,0.16904292036969557,Cued
320,-0.33333333333333337,-0.1104509837179939,Cued
321,-0.33125000000000004,-0.19022289761592806,Cued
322,-0.3291666666666667,0.143333169061071,Cued
323,-0.3270833333333333,0.5253659240683707,Cued
324,-0.32499999999999996,0.4237388481686417,Cued
325,-0.32291666666666663,-0.20582904133865995,Cued
326,-0.3208333333333333,-0.7891858173188017,Cued
327,-0.31875,-0.7055971833080967,Cued
328,-0.31666666666666665,0.03985606632136345,Cued
329,-0.3145833333333333,0.7903271943765181,Cued
330,-0.3125,0.8721602561584825,Cued
331,-0.3104166666666667,0.228452028975759,Cued
332,-0.30833333333333335,-0.5604185900074351,Cued
333,-0.30625,-0.8361274184255297,Cued
334,-0.3041666666666667,-0.4252351669235337,Cued
335,-0.30208333333333337,0.28180962365399737,Cued
336,-0.30000000000000004,0.702950134730779,Cued
337,-0.2979166666666667,0.5217595292362289,Cued
338,-0.2958333333333333,-0.08598859466451951,Cued
339,-0.29374999999999996,-0.6017806418179895,Cued
340,-0.29166666666666663,-0.5685640087100823,Cued
341,-0.2895833333333333,0.015574906979954136,Cued
342,-0.2875,0.6377860534577934,Cued
343,-0.28541666666666665,0.682330542466029,Cued
344,-0.2833333333333333,0.027836679224999734,Cued
345,-0.28125,-0.7477777091849975,Cued
346,-0.2791666666666667,-0.85790658096542,Cued
347,-0.27708333333333335,-0.11083897347027927,Cued
348,-0.275,0.8183578017350435,Cued
349,-0.2729166666666667,1.011771840657627,Cued
350,-0.27083333333333337,0.24655909869390227,Cued
351,-0.26875000000000004,-0.7389345401776682,Cued
352,-0.2666666666666667,-0.9899377586424905,Cued
353,-0.2645833333333333,-0.3139806897006823,Cued
354,-0.26249999999999996,0.5515572082696948,Cued
355,-0.26041666666666663,0.7562046486339499,Cued
356,-0.2583333333333333,0.2264238395896919,Cued
357,-0.25625,-0.3524238387483009,Cued
358,-0.25416666666666665,-0.3739291103399265,Cued
359,-0.2520833333333333,0.034857231233159945,Cued
360,-0.25,0.26667484108274236,Cued
361,-0.24791666666666667,0.024825028514011138,Cued
362,-0.24583333333333335,-0.32952222684130145,Cued
363,-0.24375000000000002,-0.27213577768258784,Cued
364,-0.2416666666666667,0.19428872755144444,Cued
365,-0.23958333333333337,0.5193570712079704,Cued
366,-0.23750000000000004,0.2808348145106236,Cued
367,-0.23541666666666672,-0.27729679940774715,Cued
368,-0.23333333333333328,-0.5140294272871923,Cued
369,-0.23124999999999996,-0.16100924479966686,Cued
370,-0.22916666666666663,0.3510054822761483,Cued
371,-0.2270833333333333,0.4037408616041485,Cued
372,-0.22499999999999998,-0.07021139376832086,Cued
373,-0.22291666666666665,-0.49278677501455964,Cued
374,-0.22083333333333333,-0.31799354336277175,Cued
375,-0.21875,0.31271755157278064,Cued
376,-0.21666666666666667,0.7018278814842702,Cued
377,-0.21458333333333335,0.36915182429925925,Cued
378,-0.21250000000000002,-0.3961669999369908,Cued
379,-0.2104166666666667,-0.830711901781025,Cued
380,-0.20833333333333337,-0.49602864871071883,Cued
381,-0.20625000000000004,0.2817068208283836,Cued
382,-0.20416666666666672,0.7719804160158072,Cued
383,-0.20208333333333328,0.5725320660823451,Cued
384,-0.19999999999999996,-0.05075340214082077,Cued
385,-0.19791666666666663,-0.4998630888669377,Cued
386,-0.1958333333333333,-0.4502826258426588,Cued
387,-0.19374999999999998,-0.09214760231647622,Cued
388,-0.19166666666666665,0.16819673504349478,Cued
389,-0.18958333333333333,0.1529917268470805,Cued
390,-0.1875,0.03315731056106568,Cued
391,-0.18541666666666667,0.05060230525828476,Cued
392,-0.18333333333333335,0.2001954912466037,Cued
393,-0.18125000000000002,0.23497487448346122,Cued
394,-0.1791666666666667,-0.025447260534189036,Cued
395,-0.17708333333333337,-0.42138852351401135,Cued
396,-0.17500000000000004,-0.550555110271591,Cued
397,-0.17291666666666672,-0.17801131279469007,Cued
398,-0.17083333333333328,0.45159708386730485,Cued
399,-0.16874999999999996,0.7713910550863217,Cued
400,-0.16666666666666663,0.4253482928548422,Cued
401,-0.1645833333333333,-0.33206299542105727,Cued
402,-0.16249999999999998,-0.818156319739217,Cued
403,-0.16041666666666665,-0.5637836477848155,Cued
404,-0.15833333333333333,0.20982408854393983,Cued
405,-0.15625,0.7745662354516866,Cued
406,-0.15416666666666667,0.5959372056596217,Cued
407,-0.15208333333333335,-0.14104680806882267,Cued
408,-0.15000000000000002,-0.7163368405133119,Cued
409,-0.1479166666666667,-0.5871756915342001,Cued
410,-0.14583333333333337,0.09873221691161198,Cued
411,-0.14375000000000004,0.6813044694841954,Cued
412,-0.14166666666666672,0.6391255162170963,Cued
413,-0.13958333333333328,0.04828232065481013,Cued
414,-0.13749999999999996,-0.5580790485507563,Cued
415,-0.13541666666666663,-0.7029051132100625,Cued
416,-0.1333333333333333,-0.324949237110311,Cued
417,-0.13124999999999998,0.26057309050277383,Cued
418,-0.12916666666666665,0.6618143465539829,Cued
419,-0.12708333333333333,0.646132284154591,Cued
420,-0.125,0.22286208051165782,Cued
421,-0.12291666666666667,-0.37658751124610407,Cued
422,-0.12083333333333335,-0.7838748671452186,Cued
423,-0.11875000000000002,-0.6920878210020973,Cued
424,-0.1166666666666667,-0.09835808822046467,Cued
425,-0.11458333333333337,0.6086782543693411,Cued
426,-0.11250000000000004,0.907943546043311,Cued
427,-0.11041666666666672,0.570670543303902,Cued
428,-0.10833333333333328,-0.13739712332082704,Cued
429,-0.10624999999999996,-0.6931526529440227,Cued
430,-0.10416666666666663,-0.752128729781159,Cued
431,-0.1020833333333333,-0.3717536269125244,Cued
432,-0.09999999999999998,0.14707452932769252,Cued
433,-0.09791666666666665,0.5349573102311224,Cued
434,-0.09583333333333333,0.662289741497294,Cued
435,-0.09375,0.4756126028413668,Cued
436,-0.09166666666666667,-0.00572995015771401,Cued
437,-0.08958333333333335,-0.5792462591137576,Cued
438,-0.08750000000000002,-0.85126368425112,Cued
439,-0.0854166666666667,-0.5237049104565862,Cued
440,-0.08333333333333337,0.2505655073355902,Cued
441,-0.08125000000000004,0.8721812435447961,Cued
442,-0.07916666666666672,0.7991141812363174,Cued
443,-0.07708333333333328,0.08812190516758651,Cued
444,-0.07499999999999996,-0.6215895958984405,Cued
445,-0.07291666666666663,-0.7133882700220976,Cued
446,-0.0708333333333333,-0.1951349629927349,Cued
447,-0.06874999999999998,0.3547501977747574,Cued
448,-0.06666666666666665,0.4183228591442019,Cued
449,-0.06458333333333333,0.05463552775420725,Cued
450,-0.0625,-0.24137372503926371,Cued
451,-0.060416666666666674,-0.1308995233872198,Cued
452,-0.05833333333333335,0.20482036809378934,Cued
453,-0.05625000000000002,0.31717165555536875,Cued
454,-0.054166666666666696,0.031556066911456404,Cued
455,-0.05208333333333337,-0.3569332489968144,Cued
456,-0.050000000000000044,-0.4281516996205205,Cued
457,-0.04791666666666672,-0.09561721538721574,Cued
458,-0.04583333333333328,0.3152240387981286,Cued
459,-0.043749999999999956,0.4333990146039814,Cued
460,-0.04166666666666663,0.2052741777573217,Cued
461,-0.039583333333333304,-0.11607618398529375,Cued
462,-0.03749999999999998,-0.2620833541640693,Cued
463,-0.03541666666666665,-0.19409225615696882,Cued
464,-0.033333333333333326,-0.058806533646319124,Cued
465,-0.03125,0.02137161337324678,Cued
466,-0.029166666666666674,0.0505666187983547,Cued
467,-0.027083333333333348,0.0859722217421457,Cued
468,-0.025000000000000022,0.13607851506236682,Cued
469,-0.022916666666666696,0.14731419596976567,Cued
470,-0.02083333333333337,0.07385843236544494,Cued
471,-0.018750000000000044,-0.07000132303283262,Cued
472,-0.01666666666666672,-0.22030218084147105,Cued
473,-0.014583333333333282,-0.2875699010637533,Cued
474,-0.012499999999999956,-0.18657919844262802,Cued
475,-0.01041666666666663,0.08796154822754503,Cued
476,-0.008333333333333304,0.3994817029392923,Cued
477,-0.006249999999999978,0.5047817322472228,Cued
478,-0.004166666666666652,0.23881078303571165,Cued
479,-0.002083333333333326,-0.2803433031810153,Cued
480,0.0,-0.6682426695501221,Cued
481,0.002083333333333437,-0.5770838874999992,Cued
482,0.004166666666666652,-0.022181240467155566,Cued
483,0.006250000000000089,0.578205167914633,Cued
484,0.008333333333333304,0.7477405334901874,Cued
485,0.01041666666666674,0.3681053807615136,Cued
486,0.012499999999999956,-0.24570024049240136,Cued
487,0.014583333333333393,-0.6294247348321581,Cued
488,0.016666666666666607,-0.5467012275250478,Cued
489,0.018750000000000044,-0.12592152734427772,Cued
490,0.02083333333333326,0.303594688639225,Cued
491,0.022916666666666696,0.4775892888807345,Cued
492,0.02499999999999991,0.3451607751928045,Cued
493,0.027083333333333348,0.041975540274318414,Cued
494,0.029166666666666563,-0.2218528106918621,Cued
495,0.03125,-0.29566733856622746,Cued
496,0.03333333333333344,-0.1722899041181589,Cued
497,0.03541666666666665,0.007186828126262849,Cued
498,0.03750000000000009,0.08263950981775321,Cued
499,0.039583333333333304,0.0341598957670611,Cued
500,0.04166666666666674,-0.0060388459757008866,Cued
501,0.043749999999999956,0.08614344559303407,Cued
502,0.04583333333333339,0.245716539617667,Cued
503,0.04791666666666661,0.25392729507269746,Cued
504,0.050000000000000044,-0.012678274359963382,Cued
505,0.05208333333333326,-0.38868362664230444,Cued
506,0.054166666666666696,-0.532343608465832,Cued
507,0.05624999999999991,-0.26500284462917184,Cued
508,0.05833333333333335,0.233295898389851,Cued
509,0.06041666666666656,0.5722640886220711,Cued
510,0.0625,0.5171828566454804,Cued
511,0.06458333333333344,0.16511630291444726,Cued
512,0.06666666666666665,-0.206102007779007,Cued
513,0.06875000000000009,-0.4175902622722519,Cued
514,0.0708333333333333,-0.4696029172365726,Cued
515,0.07291666666666674,-0.3952123952148013,Cued
516,0.07499999999999996,-0.1365258481242194,Cued
517,0.07708333333333339,0.3445003834697504,Cued
518,0.07916666666666661,0.8471846484907674,Cued
519,0.08125000000000004,0.9484433073840924,Cued
520,0.08333333333333326,0.3497588113262268,Cued
521,0.0854166666666667,-0.7285429233345303,Cued
522,0.08749999999999991,-1.539879848008292,Cued
523,0.08958333333333335,-1.33915757683788,Cued
524,0.09166666666666656,-0.05288296189195261,Cued
525,0.09375,1.499351855300514,Cued
526,0.09583333333333344,2.1301104978620136,Cued
527,0.09791666666666665,1.212050753564224,Cued
528,0.10000000000000009,-0.7153122194868801,Cued
529,0.1020833333333333,-2.244597276560115,Cued
530,0.10416666666666674,-2.1620479263989316,Cued
531,0.10624999999999996,-0.4575129010047534,Cued
532,0.10833333333333339,1.5930189777776371,Cued
533,0.11041666666666661,2.4236161384253725,Cued
534,0.11250000000000004,1.4495305873019275,Cued
535,0.11458333333333326,-0.4833137336618025,Cued
536,0.1166666666666667,-1.85938348014333,Cued
537,0.11874999999999991,-1.7553664967758869,Cued
538,0.12083333333333335,-0.4971282282893059,Cued
539,0.12291666666666656,0.8031260698655185,Cued
540,0.125,1.278988347986979,Cued
541,0.12708333333333344,0.8993071381936352,Cued
542,0.12916666666666665,0.20940050130119472,Cued
543,0.1312500000000001,-0.3184179962933622,Cued
544,0.1333333333333333,-0.6003728681113282,Cued
545,0.13541666666666674,-0.7126619304540679,Cued
546,0.13749999999999996,-0.5884948675308604,Cued
547,0.1395833333333334,-0.09900128489029936,Cued
548,0.1416666666666666,0.6127571322941229,Cued
549,0.14375000000000004,1.0503338480334803,Cued
550,0.14583333333333326,0.7604760042352425,Cued
551,0.1479166666666667,-0.1446204073875118,Cued
552,0.1499999999999999,-0.9737431740711133,Cued
553,0.15208333333333335,-1.0335644382930849,Cued
554,0.15416666666666656,-0.27897682503774573,Cued
555,0.15625,0.6203884505003767,Cued
556,0.15833333333333344,0.9019740793841603,Cued
557,0.16041666666666665,0.40697735843760025,Cued
558,0.1625000000000001,-0.316503882900332,Cued
559,0.1645833333333333,-0.5790612507792342,Cued
560,0.16666666666666674,-0.2188997529294456,Cued
561,0.16874999999999996,0.29016823025072325,Cued
562,0.1708333333333334,0.37293829414591323,Cued
563,0.1729166666666666,-0.040990907878070276,Cued
564,0.17500000000000004,-0.4649010827442519,Cued
565,0.17708333333333326,-0.3835939506631833,Cued
566,0.1791666666666667,0.17025325498772007,Cued
567,0.1812499999999999,0.6325204791641507,Cued
568,0.18333333333333335,0.5090783191218238,Cued
569,0.18541666666666656,-0.0923498012183862,Cued
570,0.1875,-0.5738580754261493,Cued
571,0.18958333333333344,-0.48671222760484234,Cued
572,0.19166666666666665,-0.002378189135789225,Cued
573,0.1937500000000001,0.31631702811463497,Cued
574,0.1958333333333333,0.17894174692977258,Cued
575,0.19791666666666674,-0.10675602637986688,Cued
576,0.19999999999999996,-0.045241220643380105,Cued
577,0.2020833333333334,0.3669951313220458,Cued
578,0.2041666666666666,0.5490442075386001,Cued
579,0.20625000000000004,0.02878859085347928,Cued
580,0.20833333333333326,-0.8571875579615748,Cued
581,0.2104166666666667,-1.1620036137714838,Cued
582,0.2124999999999999,-0.3363300705906311,Cued
583,0.21458333333333335,1.0306673105397943,Cued
584,0.21666666666666656,1.6496668612010954,Cued
585,0.21875,0.816870011467984,Cued
586,0.22083333333333344,-0.7887721935801318,Cued
587,0.22291666666666665,-1.7086090525790831,Cued
588,0.2250000000000001,-1.1282121162952958,Cued
589,0.2270833333333333,0.33679518093366473,Cued
590,0.22916666666666674,1.3112810835578559,Cued
591,0.23124999999999996,1.0311407450442809,Cued
592,0.2333333333333334,0.003614603954065617,Cued
593,0.2354166666666666,-0.6755767334380737,Cued
594,0.23750000000000004,-0.5012659407011215,Cued
595,0.23958333333333326,0.04679145256126771,Cued
596,0.2416666666666667,0.20257699344449062,Cued
597,0.2437499999999999,-0.1646527924037714,Cued
598,0.24583333333333335,-0.4650426471027078,Cued
599,0.24791666666666656,-0.15085474956527065,Cued
600,0.25,0.5893587150210963,Cued
601,0.25208333333333344,0.9927130858948007,Cued
602,0.25416666666666665,0.5377084742855467,Cued
603,0.2562500000000001,-0.48471176421042456,Cued
604,0.2583333333333333,-1.2224265567115602,Cued
605,0.26041666666666674,-1.0528440565764823,Cued
606,0.26249999999999996,-0.09920722017160895,Cued
607,0.2645833333333334,0.9296507170006629,Cued
608,0.2666666666666666,1.3245128907330224,Cued
609,0.26875000000000004,0.8561695649376198,Cued
610,0.27083333333333326,-0.1531422992432819,Cued
611,0.2729166666666667,-1.0778237884701267,Cued
612,0.2749999999999999,-1.348226610368472,Cued
613,0.27708333333333335,-0.7536796407491301,Cued
614,0.27916666666666656,0.38163213783684946,Cued
615,0.28125,1.3250114291619501,Cued
616,0.28333333333333344,1.3878055123968203,Cued
617,0.28541666666666665,0.46325101280561864,Cued
618,0.2875000000000001,-0.806403078756186,Cued
619,0.2895833333333333,-1.4789416701258558,Cued
620,0.29166666666666674,-1.0517284995861182,Cued
621,0.29374999999999996,0.11361114366125354,Cued
622,0.2958333333333334,1.092550482304883,Cued
623,0.2979166666666666,1.1680184798493307,Cued
624,0.30000000000000004,0.39791385467140356,Cued
625,0.30208333333333326,-0.5067647387928048,Cued
626,0.3041666666666667,-0.8430539259035377,Cued
627,0.3062499999999999,-0.48913195733874143,Cued
628,0.30833333333333335,0.09181630571340159,Cued
629,0.31041666666666656,0.3696362547463363,Cued
630,0.3125,0.223694289820041,Cued
631,0.31458333333333344,-0.02809769103962308,Cued
632,0.31666666666666665,-0.04047440147156282,Cued
633,0.3187500000000001,0.1689335276088639,Cued
634,0.3208333333333333,0.27351828470403,Cued
635,0.32291666666666674,0.03201850595170549,Cued
636,0.32499999999999996,-0.3926665961150278,Cued
637,0.3270833333333334,-0.565250284983544,Cued
638,0.3291666666666666,-0.24471502006806292,Cued
639,0.33125000000000004,0.33503797320548784,Cued
640,0.33333333333333326,0.6676624954502519,Cued
641,0.3354166666666667,0.46683582903137566,Cued
642,0.3374999999999999,-0.06759681040254444,Cued
643,0.33958333333333335,-0.4638452815912612,Cued
644,0.34166666666666656,-0.45481719819042304,Cued
645,0.34375,-0.16841634721146806,Cued
646,0.34583333333333344,0.08832348600855762,Cued
647,0.34791666666666665,0.17464484046866371,Cued
648,0.3500000000000001,0.19074099054832072,Cued
649,0.3520833333333333,0.2424714848074009,Cued
650,0.35416666666666674,0.2444977229653836,Cued
651,0.35624999999999996,0.04450331301596564,Cued
652,0.3583333333333334,-0.31331567363329366,Cued
653,0.3604166666666666,-0.5352971635014913,Cued
654,0.36250000000000004,-0.36590252398841966,Cued
655,0.36458333333333326,0.11359792681453008,Cued
656,0.3666666666666667,0.5244133006035856,Cued
657,0.3687499999999999,0.5512570024379425,Cued
658,0.37083333333333335,0.2153203122213366,Cued
659,0.37291666666666656,-0.19036601783846333,Cued
660,0.375,-0.4143269077304277,Cued
661,0.37708333333333344,-0.4199161823643416,Cued
662,0.37916666666666665,-0.2791848263485464,Cued
663,0.3812500000000001,-0.014102743955646016,Cued
664,0.3833333333333333,0.35566068505039805,Cued
665,0.38541666666666674,0.6528381134978595,Cued
666,0.38749999999999996,0.5719316494499426,Cued
667,0.3895833333333334,-0.003199022043079055,Cued
668,0.3916666666666666,-0.7368946359269962,Cued
669,0.39375000000000004,-1.008037824672406,Cued
670,0.39583333333333326,-0.4729300372173731,Cued
671,0.3979166666666667,0.5267487126616234,Cued
672,0.3999999999999999,1.17548789344131,Cued
673,0.40208333333333335,0.8956662115067361,Cued
674,0.40416666666666656,-0.11134065310557668,Cued
675,0.40625,-1.0233131397776052,Cued
676,0.40833333333333344,-1.1080070586969863,Cued
677,0.41041666666666665,-0.3363085479418087,Cued
678,0.4125000000000001,0.645193282251068,Cued
679,0.4145833333333333,1.0874222143416514,Cued
680,0.41666666666666674,0.7170962534589265,Cued
681,0.41874999999999996,-0.1314517906219918,Cued
682,0.4208333333333334,-0.8430916732541506,Cued
683,0.4229166666666666,-0.9520064811859585,Cued
684,0.42500000000000004,-0.4049540349570273,Cued
685,0.42708333333333326,0.4389812430684601,Cued
686,0.4291666666666667,1.0219491950378703,Cued
687,0.4312499999999999,0.9106929385765744,Cued
688,0.43333333333333335,0.10742772069437799,Cued
689,0.43541666666666656,-0.8691517307624596,Cued
690,0.4375,-1.2787834665839901,Cued
691,0.43958333333333344,-0.7160237895464453,Cued
692,0.44166666666666665,0.4830679367337461,Cued
693,0.4437500000000001,1.4084519574264756,Cued
694,0.4458333333333333,1.2732010709744168,Cued
695,0.44791666666666674,0.11442484869210608,Cued
696,0.44999999999999996,-1.1803469130216995,Cued
697,0.4520833333333334,-1.5763989275666106,Cued
698,0.4541666666666666,-0.7507244014973553,Cued
699,0.45625000000000004,0.6305396691668106,Cued
700,0.45833333333333326,1.481346509372445,Cued
701,0.4604166666666667,1.192326073297357,Cued
702,0.4624999999999999,0.0778196765090109,Cued
703,0.46458333333333335,-0.9634184906368111,Cued
704,0.46666666666666656,-1.2109222676345353,Cued
705,0.46875,-0.6326790678954864,Cued
706,0.47083333333333344,0.23404784247506427,Cued
707,0.47291666666666665,0.7993986942437944,Cued
708,0.4750000000000001,0.8105580999716734,Cued
709,0.4770833333333333,0.3999709424459222,Cued
710,0.47916666666666674,-0.13929586735004376,Cued
711,0.48124999999999996,-0.5488680160324186,Cued
712,0.4833333333333334,-0.6600768944939667,Cued
713,0.4854166666666666,-0.4156737311307954,Cued
714,0.48750000000000004,0.07404777158829806,Cued
715,0.48958333333333326,0.5272479224206971,Cued
716,0.4916666666666667,0.6351133362813018,Cued
717,0.4937499999999999,0.31297640873996696,Cued
718,0.49583333333333335,-0.18972153174387407,Cued
719,0.49791666666666656,-0.4818742967634228,Cued
720,0.5,-0.37361157654970273,Cued
721,0.5020833333333334,-0.031324248735759376,Cued
722,0.5041666666666667,0.19712415886770493,Cued
723,0.5062500000000001,0.14357490344254406,Cued
724,0.5083333333333333,-0.031104946489171097,Cued
725,0.5104166666666667,-0.04233546452164394,Cued
726,0.5125,0.16988773414969108,Cued
727,0.5145833333333334,0.34644875023678584,Cued
728,0.5166666666666666,0.18181915202290969,Cued
729,0.51875,-0.29360540058807527,Cued
730,0.5208333333333333,-0.665704748315432,Cued
731,0.5229166666666667,-0.5107347366963183,Cued
732,0.5249999999999999,0.1472928155487431,Cued
733,0.5270833333333333,0.7846837286462162,Cued
734,0.5291666666666666,0.8224638720252883,Cued
735,0.53125,0.17981514479051955,Cued
736,0.5333333333333334,-0.6179186841526886,Cued
737,0.5354166666666667,-0.8963067491076145,Cued
738,0.5375000000000001,-0.44373793105483106,Cued
739,0.5395833333333333,0.3078492917973233,Cued
740,0.5416666666666667,0.7088182406968832,Cued
741,0.54375,0.4932654389645123,Cued
742,0.5458333333333334,-0.03502274679273497,Cued
743,0.5479166666666666,-0.3609759023609976,Cued
744,0.55,-0.28134786563692843,Cued
745,0.5520833333333333,-0.03384370359769028,Cued
746,0.5541666666666667,0.052346996244768774,Cued
747,0.5562499999999999,-0.05160911902242534,Cued
748,0.5583333333333333,-0.08892752248047951,Cued
749,0.5604166666666666,0.10872905089219909,Cued
750,0.5625,0.3579686745722872,Cued
751,0.5645833333333334,0.3160413803466291,Cued
752,0.5666666666666667,-0.08759296767786053,Cued
753,0.5687500000000001,-0.4958785772855345,Cued
754,0.5708333333333333,-0.4770121563160208,Cued
755,0.5729166666666667,-0.006039074243549288,Cued
756,0.575,0.468817197788481,Cued
757,0.5770833333333334,0.48543906965811323,Cued
758,0.5791666666666666,0.06082468486762304,Cued
759,0.58125,-0.33608660891820524,Cued
760,0.5833333333333333,-0.30614769012661686,Cued
761,0.5854166666666667,0.04564713893187985,Cued
762,0.5874999999999999,0.25035600026507243,Cued
763,0.5895833333333333,0.04397115321535442,Cued
764,0.5916666666666666,-0.3084742697037869,Cued
765,0.59375,-0.30670786569366165,Cued
766,0.5958333333333334,0.1670990601546588,Cued
767,0.5979166666666667,0.6487634164493027,Cued
768,0.6000000000000001,0.5507147842348902,Cued
769,0.6020833333333333,-0.1718967216882584,Cued
770,0.6041666666666667,-0.8793622698706235,Cued
771,0.60625,-0.853249204687919,Cued
772,0.6083333333333334,-0.0382915665782435,Cued
773,0.6104166666666666,0.8586376253663763,Cued
774,0.6125,1.031456185355973,Cued
775,0.6145833333333333,0.35365401267423485,Cued
776,0.6166666666666667,-0.5372637651932973,Cued
777,0.6187499999999999,-0.8845873554848964,Cued
778,0.6208333333333333,-0.5201574767473419,Cued
779,0.6229166666666666,0.09265360463039889,Cued
780,0.625,0.4140586291081001,Cued
781,0.6270833333333334,0.35648915494217465,Cued
782,0.6291666666666667,0.22169843046101637,Cued
783,0.6312500000000001,0.20999151555356166,Cued
784,0.6333333333333333,0.1565611648920607,Cued
785,0.6354166666666667,-0.17441294361109239,Cued
786,0.6375,-0.6474871928569521,Cued
787,0.6395833333333334,-0.7618850097624198,Cued
788,0.6416666666666666,-0.20920526309021734,Cued
789,0.64375,0.6740187678319155,Cued
790,0.6458333333333333,1.1204814612065936,Cued
791,0.6479166666666667,0.6799722858651164,Cued
792,0.6499999999999999,-0.2924645728898745,Cued
793,0.6520833333333333,-0.9667101246134289,Cued
794,0.6541666666666666,-0.8476431928287833,Cued
795,0.65625,-0.19249505694038718,Cued
796,0.6583333333333334,0.3639656033336178,Cued
797,0.6604166666666667,0.499126686985115,Cued
798,0.6625000000000001,0.40778331409283614,Cued
799,0.6645833333333333,0.368491038434882,Cued
800,0.6666666666666667,0.2958103125637384,Cued
801,0.66875,-0.10319079811598124,Cued
802,0.6708333333333334,-0.780958408315116,Cued
803,0.6729166666666666,-1.1435024472765114,Cued
804,0.675,-0.6085680609425076,Cued
805,0.6770833333333333,0.639596553661947,Cued
806,0.6791666666666667,1.6101432899250485,Cued
807,0.6812499999999999,1.3723677144156536,Cued
808,0.6833333333333333,-0.006496390745598685,Cued
809,0.6854166666666666,-1.4268768421820395,Cued
810,0.6875,-1.7347427887888518,Cued
811,0.6895833333333334,-0.739888738312947,Cued
812,0.6916666666666667,0.6968370786803414,Cued
813,0.6937500000000001,1.4870161627445784,Cued
814,0.6958333333333333,1.1989814604852056,Cued
815,0.6979166666666667,0.22816218436297864,Cued
816,0.7,-0.7075477066434351,Cued
817,0.7020833333333334,-1.1212655915962157,Cued
818,0.7041666666666666,-0.9083420884025736,Cued
819,0.70625,-0.22457044838267515,Cued
820,0.7083333333333333,0.5984256758825253,Cued
821,0.7104166666666667,1.1106815442826372,Cued
822,0.7124999999999999,0.9218307131518447,Cued
823,0.7145833333333333,0.06871731379147002,Cued
824,0.7166666666666666,-0.8564203676620252,Cued
825,0.71875,-1.1170259976040553,Cued
826,0.7208333333333334,-0.4985102165694131,Cued
827,0.7229166666666667,0.44004663587366427,Cued
828,0.7250000000000001,0.8696819654563656,Cued
829,0.7270833333333333,0.4955392184622236,Cued
830,0.7291666666666667,-0.17674376934151495,Cued
831,0.73125,-0.4260312384860441,Cued
832,0.7333333333333334,-0.09207812772167316,Cued
833,0.7354166666666666,0.2874707584635108,Cued
834,0.7375,0.1410346050224067,Cued
835,0.7395833333333333,-0.4231877683406941,Cued
836,0.7416666666666667,-0.7022314017192213,Cued
837,0.7437499999999999,-0.20078040198469413,Cued
838,0.7458333333333333,0.7347107837702279,Cued
839,0.7479166666666666,1.1808018963662537,Cued
840,0.75,0.5748430313722444,Cued
841,0.7520833333333334,-0.639863282308177,Cued
842,0.7541666666666667,-1.386110077030614,Cued
843,0.7562500000000001,-0.9753398009303854,Cued
844,0.7583333333333333,0.23441508692881552,Cued
845,0.7604166666666667,1.182120362073471,Cued
846,0.7625,1.1050713748902001,Cued
847,0.7645833333333334,0.19630601896538805,Cued
848,0.7666666666666666,-0.6695571034535227,Cued
849,0.76875,-0.8077912218742705,Cued
850,0.7708333333333333,-0.30420936458484155,Cued
851,0.7729166666666667,0.2075981955801154,Cued
852,0.7749999999999999,0.2626995090535239,Cued
853,0.7770833333333333,-0.0015062623873182436,Cued
854,0.7791666666666666,-0.10337558154338283,Cued
855,0.78125,0.184073699657144,Cued
856,0.7833333333333334,0.540822028280913,Cued
857,0.7854166666666667,0.44837215123113167,Cued
858,0.7875000000000001,-0.19943704732274617,Cued
859,0.7895833333333333,-0.8929530494541136,Cued
860,0.7916666666666667,-0.9565400681388391,Cued
861,0.79375,-0.2198754097045299,Cued
862,0.7958333333333334,0.7709498848251575,Cued
863,0.7979166666666666,1.2206884878773505,Cued
864,0.8,0.7791405652986477,Cued
865,0.8020833333333333,-0.1812990836797385,Cued
866,0.8041666666666667,-0.9362990220448095,Cued
867,0.8062499999999999,-1.0163711864121454,Cued
868,0.8083333333333333,-0.49873137080843377,Cued
869,0.8104166666666666,0.19862893688067085,Cued
870,0.8125,0.6956881127693538,Cued
871,0.8145833333333334,0.8321112940451586,Cued
872,0.8166666666666667,0.6014733768202689,Cued
873,0.8187500000000001,0.07321230928620286,Cued
874,0.8208333333333333,-0.5678696876669499,Cued
875,0.8229166666666667,-0.9853001470330556,Cued
876,0.825,-0.8458164484267888,Cued
877,0.8270833333333334,-0.12062149055564214,Cued
878,0.8291666666666666,0.7677809546857186,Cued
879,0.83125,1.1988607332262515,Cued
880,0.8333333333333333,0.8281393785537491,Cued
881,0.8354166666666667,-0.10849233732899936,Cued
882,0.8374999999999999,-0.9554733978655725,Cued
883,0.8395833333333333,-1.1321544417259617,Cued
884,0.8416666666666666,-0.5570803863225101,Cued
885,0.84375,0.33270766780050937,Cued
886,0.8458333333333334,0.9300969999144737,Cued
887,0.8479166666666667,0.8828134051216511,Cued
888,0.8500000000000001,0.29455854301102885,Cued
889,0.8520833333333333,-0.40106733799875216,Cued
890,0.8541666666666667,-0.7556711379717681,Cued
891,0.85625,-0.5957392143420616,Cued
892,0.8583333333333334,-0.09998194369817937,Cued
893,0.8604166666666666,0.36800950196785304,Cued
894,0.8625,0.5274488391182985,Cued
895,0.8645833333333333,0.3498973144431023,Cued
896,0.8666666666666667,0.021534399008878807,Cued
897,0.8687499999999999,-0.23385089746132107,Cued
898,0.8708333333333333,-0.3063433362205939,Cued
899,0.8729166666666666,-0.22003095789684912,Cued
900,0.875,-0.05083434221130689,Cued
901,0.8770833333333334,0.12817768475647803,Cued
902,0.8791666666666667,0.24397347501882635,Cued
903,0.8812500000000001,0.2215377401763833,Cued
904,0.8833333333333333,0.04794079873062094,Cued
905,0.8854166666666667,-0.1763115457387706,Cued
906,0.8875,-0.27169502783684235,Cued
907,0.8895833333333334,-0.13761946873984762,Cued
908,0.8916666666666666,0.12646387645175033,Cued
909,0.89375,0.2835465877430395,Cued
910,0.8958333333333333,0.1787361613302241,Cued
911,0.8979166666666667,-0.0959650326191507,Cued
912,0.8999999999999999,-0.2767475303189857,Cued
913,0.9020833333333333,-0.18688664572302824,Cued
914,0.9041666666666666,0.08156869684764136,Cued
915,0.90625,0.2585593252385646,Cued
916,0.9083333333333334,0.1731585662276717,Cued
917,0.9104166666666667,-0.06996723439981141,Cued
918,0.9125000000000001,-0.2009572990250168,Cued
919,0.9145833333333333,-0.08507482921738692,Cued
920,0.9166666666666667,0.12537381482786583,Cued
921,0.91875,0.15766661616977462,Cued
922,0.9208333333333334,-0.05853929379538544,Cued
923,0.9229166666666666,-0.2767095701848351,Cued
924,0.925,-0.18323761222911653,Cued
925,0.9270833333333333,0.21831113086924772,Cued
926,0.9291666666666667,0.530809115142279,Cued
927,0.9312499999999999,0.34473021163610545,Cued
928,0.9333333333333333,-0.28056337052188085,Cued
929,0.9354166666666666,-0.7780494155161305,Cued
930,0.9375,-0.5937221307615356,Cued
931,0.9395833333333334,0.2085523027752673,Cued
932,0.9416666666666667,0.9190467856904793,Cued
933,0.9437500000000001,0.8401607251552031,Cued
934,0.9458333333333333,-0.012142817605368233,Cued
935,0.9479166666666667,-0.8651961667542559,Cued
936,0.95,-0.9271632728682603,Cued
937,0.9520833333333334,-0.17115792160166735,Cued
938,0.9541666666666666,0.6557771734193185,Cued
939,0.95625,0.7924868782730253,Cued
940,0.9583333333333333,0.21824090442686753,Cued
941,0.9604166666666667,-0.39549076386052096,Cued
942,0.9624999999999999,-0.444093692137369,Cued
943,0.9645833333333333,-0.0171947019289642,Cued
944,0.9666666666666666,0.27098309786863173,Cued
945,0.96875,0.04074958826382844,Cued
946,0.9708333333333334,-0.3881330639327664,Cued
947,0.9729166666666667,-0.3738654769168758,Cued
948,0.9750000000000001,0.24240861476368095,Cued
949,0.9770833333333333,0.8607798069475434,Cued
950,0.9791666666666667,0.722231910360576,Cued
951,0.98125,-0.22938311519296808,Cued
952,0.9833333333333334,-1.1620721088803547,Cued
953,0.9854166666666666,-1.1400863545409254,Cued
954,0.9875,-0.07367107295143928,Cued
955,0.9895833333333333,1.1327947817024122,Cued
956,0.9916666666666667,1.4120946288889709,Cued
957,0.9937499999999999,0.5303859466378859,Cued
958,0.9958333333333333,-0.7335217961910624,Cued
959,0.9979166666666666,-1.3336438926855034,Cued
960,1.0,-0.8710715257335537,Cued
961,-1.0,-0.05217656678256175,Uncued
962,-0.9979166666666667,-0.32600229248741036,Uncued
963,-0.9958333333333333,-0.36661792954921424,Uncued
964,-0.99375,0.021006514754290533,Uncued
965,-0.9916666666666667,0.5747722003723842,Uncued
966,-0.9895833333333334,0.7110712467382306,Uncued
967,-0.9875,0.13321596841232308,Uncued
968,-0.9854166666666667,-0.7375261032163637,Uncued
969,-0.9833333333333333,-1.0558743104725903,Uncued
970,-0.98125,-0.3929816305208725,Uncued
971,-0.9791666666666666,0.727552376820238,Uncued
972,-0.9770833333333333,1.25837062878522,Uncued
973,-0.975,0.6555047233427088,Uncued
974,-0.9729166666666667,-0.5389242968665979,Uncued
975,-0.9708333333333333,-1.2098978380028838,Uncued
976,-0.96875,-0.7776223525915613,Uncued
977,-0.9666666666666667,0.25337270970705056,Uncued
978,-0.9645833333333333,0.8779457711134961,Uncued
979,-0.9625,0.6321203131974483,Uncued
980,-0.9604166666666667,-0.04047738349945426,Uncued
981,-0.9583333333333334,-0.3933384590515779,Uncued
982,-0.95625,-0.21702844945539565,Uncued
983,-0.9541666666666667,0.05286652641284053,Uncued
984,-0.9520833333333333,-0.020531029887193353,Uncued
985,-0.95,-0.3157031607765764,Uncued
986,-0.9479166666666666,-0.3327652457547511,Uncued
987,-0.9458333333333333,0.13570045112517248,Uncued
988,-0.94375,0.6876431611662118,Uncued
989,-0.9416666666666667,0.7249569898049093,Uncued
990,-0.9395833333333333,0.11165970738046166,Uncued
991,-0.9375,-0.6729638232926547,Uncued
992,-0.9354166666666667,-0.9853383214513247,Uncued
993,-0.9333333333333333,-0.5836539597486071,Uncued
994,-0.93125,0.2275041186684277,Uncued
995,-0.9291666666666667,0.8998970880375933,Uncued
996,-0.9270833333333334,1.0042309693401215,Uncued
997,-0.925,0.44910569820804663,Uncued
998,-0.9229166666666666,-0.46763807573990773,Uncued
999,-0.9208333333333334,-1.154738980469115,Uncued
1000,-0.91875,-1.0507810753458833,Uncued
1001,-0.9166666666666666,-0.1096354615587742,Uncued
1002,-0.9145833333333333,0.9956767328305456,Uncued
1003,-0.9125,1.3314734120177667,Uncued
1004,-0.9104166666666667,0.5494443905043531,Uncued
1005,-0.9083333333333333,-0.6856822232829792,Uncued
1006,-0.90625,-1.2523056872025673,Uncued
1007,-0.9041666666666667,-0.66735168677436,Uncued
1008,-0.9020833333333333,0.43359195572026227,Uncued
1009,-0.9,0.9580645704076076,Uncued
1010,-0.8979166666666667,0.4811384431181709,Uncued
1011,-0.8958333333333334,-0.3642047004806197,Uncued
1012,-0.89375,-0.6476547926984587,Uncued
1013,-0.8916666666666666,-0.1599661627450642,Uncued
1014,-0.8895833333333334,0.43896752561373115,Uncued
1015,-0.8875,0.4441197842023286,Uncued
1016,-0.8854166666666666,-0.10051603573857322,Uncued
1017,-0.8833333333333333,-0.5199757129849286,Uncued
1018,-0.88125,-0.3433036053496588,Uncued
1019,-0.8791666666666667,0.19177963007082366,Uncued
1020,-0.8770833333333333,0.4787482476772659,Uncued
1021,-0.875,0.26048759420386886,Uncued
1022,-0.8729166666666667,-0.13915100197970812,Uncued
1023,-0.8708333333333333,-0.27901017284366403,Uncued
1024,-0.86875,-0.11854543160696285,Uncued
1025,-0.8666666666666667,0.03115859759285622,Uncued
1026,-0.8645833333333334,-0.020930379981919472,Uncued
1027,-0.8625,-0.10246445531063673,Uncued
1028,-0.8604166666666666,0.03527311664452247,Uncued
1029,-0.8583333333333334,0.31106272673054025,Uncued
1030,-0.85625,0.3553384363430904,Uncued
1031,-0.8541666666666666,-0.015112894200449376,Uncued
1032,-0.8520833333333333,-0.5020651719383734,Uncued
1033,-0.85,-0.5858482213738282,Uncued
1034,-0.8479166666666667,-0.10174106506729276,Uncued
1035,-0.8458333333333333,0.541026030892457,Uncued
1036,-0.84375,0.7371529844419286,Uncued
1037,-0.8416666666666667,0.28466955060456106,Uncued
1038,-0.8395833333333333,-0.42378237451876943,Uncued
1039,-0.8375,-0.7795532768557215,Uncued
1040,-0.8354166666666667,-0.49973976577044094,Uncued
1041,-0.8333333333333334,0.16325403129347926,Uncued
1042,-0.83125,0.679474458372216,Uncued
1043,-0.8291666666666666,0.6759372476409148,Uncued
1044,-0.8270833333333334,0.18276028901458716,Uncued
1045,-0.825,-0.42760461799318,Uncued
1046,-0.8229166666666666,-0.7306932300097314,Uncued
1047,-0.8208333333333333,-0.5244704873981687,Uncued
1048,-0.81875,0.047045056507034465,Uncued
1049,-0.8166666666666667,0.5912555033377879,Uncued
1050,-0.8145833333333333,0.7290064232533989,Uncued
1051,-0.8125,0.3591112105028955,Uncued
1052,-0.8104166666666667,-0.2592746924666071,Uncued
1053,-0.8083333333333333,-0.6935479326844921,Uncued
1054,-0.80625,-0.6496873624273102,Uncued
1055,-0.8041666666666667,-0.1723043053144164,Uncued
1056,-0.8020833333333334,0.40279433831492933,Uncued
1057,-0.8,0.6947441931621587,Uncued
1058,-0.7979166666666666,0.5261021029608365,Uncued
1059,-0.7958333333333334,0.027413781963823287,Uncued
1060,-0.79375,-0.4733772501491407,Uncued
1061,-0.7916666666666666,-0.6578230290875773,Uncued
1062,-0.7895833333333333,-0.4145338484621619,Uncued
1063,-0.7875,0.09106935573702235,Uncued
1064,-0.7854166666666667,0.5234257709368011,Uncued
1065,-0.7833333333333333,0.5903502103008602,Uncued
1066,-0.78125,0.2544776673931877,Uncued
1067,-0.7791666666666667,-0.23225161154994337,Uncued
1068,-0.7770833333333333,-0.5162345557848894,Uncued
1069,-0.775,-0.4128520091032634,Uncued
1070,-0.7729166666666667,-0.03870599044537678,Uncued
1071,-0.7708333333333334,0.29427586815747425,Uncued
1072,-0.76875,0.3437076385573952,Uncued
1073,-0.7666666666666666,0.13482022846455963,Uncued
1074,-0.7645833333333334,-0.09991870168444568,Uncued
1075,-0.7625,-0.15032463643389787,Uncued
1076,-0.7604166666666666,-0.02918165319336859,Uncued
1077,-0.7583333333333333,0.06588455442798168,Uncued
1078,-0.75625,-0.012823672423071827,Uncued
1079,-0.7541666666666667,-0.1800419112501955,Uncued
1080,-0.7520833333333333,-0.20245363117296059,Uncued
1081,-0.75,0.03201911226006047,Uncued
1082,-0.7479166666666667,0.34398053248122634,Uncued
1083,-0.7458333333333333,0.4053096232416902,Uncued
1084,-0.74375,0.08698342470609392,Uncued
1085,-0.7416666666666667,-0.3595471651143733,Uncued
1086,-0.7395833333333333,-0.5221766119790326,Uncued
1087,-0.7375,-0.23418891331445543,Uncued
1088,-0.7354166666666666,0.23846050570042285,Uncued
1089,-0.7333333333333334,0.46316275510265476,Uncued
1090,-0.73125,0.2705264182677264,Uncued
1091,-0.7291666666666667,-0.08917506636189639,Uncued
1092,-0.7270833333333333,-0.24830430419132524,Uncued
1093,-0.725,-0.1193947486014582,Uncued
1094,-0.7229166666666667,0.04694300516702358,Uncued
1095,-0.7208333333333333,0.0026397229086627207,Uncued
1096,-0.71875,-0.17960829627641509,Uncued
1097,-0.7166666666666667,-0.1819314391017491,Uncued
1098,-0.7145833333333333,0.13536678052888293,Uncued
1099,-0.7125,0.49239007068321655,Uncued
1100,-0.7104166666666667,0.44784047203154875,Uncued
1101,-0.7083333333333333,-0.09145683422065737,Uncued
1102,-0.70625,-0.6755007939469581,Uncued
1103,-0.7041666666666666,-0.7096774033713519,Uncued
1104,-0.7020833333333334,-0.0842109587230525,Uncued
1105,-0.7,0.6589993677815126,Uncued
1106,-0.6979166666666667,0.8240368587268913,Uncued
1107,-0.6958333333333333,0.2539457600667317,Uncued
1108,-0.69375,-0.49909058440722265,Uncued
1109,-0.6916666666666667,-0.7274325314950731,Uncued
1110,-0.6895833333333333,-0.2784069465358549,Uncued
1111,-0.6875,0.3326235891892415,Uncued
1112,-0.6854166666666667,0.48502372758155365,Uncued
1113,-0.6833333333333333,0.10714131348094473,Uncued
1114,-0.68125,-0.2962602452205751,Uncued
1115,-0.6791666666666667,-0.2390904973389738,Uncued
1116,-0.6770833333333333,0.1877461261429917,Uncued
1117,-0.675,0.43279572711555797,Uncued
1118,-0.6729166666666666,0.1269529963617303,Uncued
1119,-0.6708333333333334,-0.4546891771575264,Uncued
1120,-0.66875,-0.6623294359365971,Uncued
1121,-0.6666666666666667,-0.1914664141742816,Uncued
1122,-0.6645833333333333,0.5544911273986326,Uncued
1123,-0.6625,0.8443887041031021,Uncued
1124,-0.6604166666666667,0.36650746308119736,Uncued
1125,-0.6583333333333333,-0.44880411900818107,Uncued
1126,-0.65625,-0.8611581658773813,Uncued
1127,-0.6541666666666667,-0.5268225209547744,Uncued
1128,-0.6520833333333333,0.20704338696132737,Uncued
1129,-0.65,0.6894543265288428,Uncued
1130,-0.6479166666666667,0.5704954301677224,Uncued
1131,-0.6458333333333333,0.05074605290897346,Uncued
1132,-0.64375,-0.4029319048656001,Uncued
1133,-0.6416666666666666,-0.48529360876826894,Uncued
1134,-0.6395833333333334,-0.23101936790059574,Uncued
1135,-0.6375,0.11238347036407303,Uncued
1136,-0.6354166666666667,0.3221667649374771,Uncued
1137,-0.6333333333333333,0.30698505323733016,Uncued
1138,-0.63125,0.10377252573554176,Uncued
1139,-0.6291666666666667,-0.1574931547867933,Uncued
1140,-0.6270833333333333,-0.3058834503073607,Uncued
1141,-0.625,-0.22941565341638204,Uncued
1142,-0.6229166666666667,0.02532246898803896,Uncued
1143,-0.6208333333333333,0.25719063000207504,Uncued
1144,-0.61875,0.2730923450574127,Uncued
1145,-0.6166666666666667,0.06967863366458675,Uncued
1146,-0.6145833333333333,-0.164383918631784,Uncued
1147,-0.6125,-0.23599251920618736,Uncued
1148,-0.6104166666666666,-0.12798949094009945,Uncued
1149,-0.6083333333333334,0.0220483382591451,Uncued
1150,-0.60625,0.09731843492329628,Uncued
1151,-0.6041666666666667,0.10990738532051415,Uncued
1152,-0.6020833333333333,0.13016112487771048,Uncued
1153,-0.6,0.14227682327621596,Uncued
1154,-0.5979166666666667,0.0326135548088984,Uncued
1155,-0.5958333333333333,-0.22500885664569034,Uncued
1156,-0.59375,-0.4327221360960231,Uncued
1157,-0.5916666666666667,-0.31515416586048667,Uncued
1158,-0.5895833333333333,0.1674433853736943,Uncued
1159,-0.5875,0.6614971939195696,Uncued
1160,-0.5854166666666667,0.6760058790554416,Uncued
1161,-0.5833333333333333,0.06707033934127483,Uncued
1162,-0.58125,-0.7264520999134824,Uncued
1163,-0.5791666666666666,-1.0010871689871266,Uncued
1164,-0.5770833333333334,-0.4311380785899636,Uncued
1165,-0.575,0.5715319354957394,Uncued
1166,-0.5729166666666667,1.1608925041652045,Uncued
1167,-0.5708333333333333,0.8021848585400315,Uncued
1168,-0.56875,-0.23657446073472346,Uncued
1169,-0.5666666666666667,-1.0947983665458583,Uncued
1170,-0.5645833333333333,-1.0591714054362342,Uncued
1171,-0.5625,-0.17613098911666558,Uncued
1172,-0.5604166666666667,0.8072217849187063,Uncued
1173,-0.5583333333333333,1.1057820686198214,Uncued
1174,-0.55625,0.5350776718237396,Uncued
1175,-0.5541666666666667,-0.38731961878457216,Uncued
1176,-0.5520833333333333,-0.9269668018294501,Uncued
1177,-0.55,-0.7302140652240142,Uncued
1178,-0.5479166666666666,-0.0482435056526709,Uncued
1179,-0.5458333333333334,0.558579883811337,Uncued
1180,-0.54375,0.6869018065709321,Uncued
1181,-0.5416666666666667,0.35787747988779756,Uncued
1182,-0.5395833333333333,-0.11231133696621998,Uncued
1183,-0.5375,-0.415335019876303,Uncued
1184,-0.5354166666666667,-0.4518928722071604,Uncued
1185,-0.5333333333333333,-0.2864193949404308,Uncued
1186,-0.53125,-0.016683074651658813,Uncued
1187,-0.5291666666666667,0.28823374095040394,Uncued
1188,-0.5270833333333333,0.5117666596230391,Uncued
1189,-0.525,0.4712246997328818,Uncued
1190,-0.5229166666666667,0.0623489577252018,Uncued
1191,-0.5208333333333333,-0.5200686362460994,Uncued
1192,-0.51875,-0.8164356720420697,Uncued
1193,-0.5166666666666666,-0.47371955193484844,Uncued
1194,-0.5145833333333334,0.3426899924222049,Uncued
1195,-0.5125,0.9691779826146171,Uncued
1196,-0.5104166666666667,0.7935253263894193,Uncued
1197,-0.5083333333333333,-0.10695562220234762,Uncued
1198,-0.50625,-0.9465586678435948,Uncued
1199,-0.5041666666666667,-0.9305290943266321,Uncued
1200,-0.5020833333333333,-0.057183361959201005,Uncued
1201,-0.5,0.8317335724094942,Uncued
1202,-0.4979166666666667,0.8726183167992385,Uncued
1203,-0.49583333333333335,0.06255775833876898,Uncued
1204,-0.49375,-0.7398384251948599,Uncued
1205,-0.4916666666666667,-0.7072179411738189,Uncued
1206,-0.48958333333333337,0.08142414726751247,Uncued
1207,-0.48750000000000004,0.7405914949486513,Uncued
1208,-0.4854166666666667,0.5440480262724652,Uncued
1209,-0.4833333333333333,-0.28443037229192886,Uncued
1210,-0.48124999999999996,-0.8252201507161384,Uncued
1211,-0.47916666666666663,-0.47012544991970734,Uncued
1212,-0.4770833333333333,0.4130747102558274,Uncued
1213,-0.475,0.8937151558280562,Uncued
1214,-0.47291666666666665,0.48562069031173977,Uncued
1215,-0.4708333333333333,-0.37119742923257126,Uncued
1216,-0.46875,-0.824589303948068,Uncued
1217,-0.4666666666666667,-0.5079208583407154,Uncued
1218,-0.46458333333333335,0.16131382059733845,Uncued
1219,-0.4625,0.533871750031704,Uncued
1220,-0.4604166666666667,0.41226550583054317,Uncued
1221,-0.45833333333333337,0.10788201696798294,Uncued
1222,-0.45625000000000004,-0.061014054120750734,Uncued
1223,-0.4541666666666667,-0.13383301021432295,Uncued
1224,-0.4520833333333333,-0.2909517496990946,Uncued
1225,-0.44999999999999996,-0.44564243198578884,Uncued
1226,-0.44791666666666663,-0.27585092687163654,Uncued
1227,-0.4458333333333333,0.28860527905646666,Uncued
1228,-0.44375,0.7923548143396375,Uncued
1229,-0.44166666666666665,0.6520045115301463,Uncued
1230,-0.4395833333333333,-0.1402999836644858,Uncued
1231,-0.4375,-0.879569381969019,Uncued
1232,-0.4354166666666667,-0.8277166465236938,Uncued
1233,-0.43333333333333335,-0.01665027189958677,Uncued
1234,-0.43125,0.7489546706737316,Uncued
1235,-0.4291666666666667,0.7333273849275402,Uncued
1236,-0.42708333333333337,0.04547561092605068,Uncued
1237,-0.42500000000000004,-0.5406827077128366,Uncued
1238,-0.4229166666666667,-0.4598370588525267,Uncued
1239,-0.4208333333333333,0.07155522311953107,Uncued
1240,-0.41874999999999996,0.39238181875304506,Uncued
1241,-0.41666666666666663,0.178067025183913,Uncued
1242,-0.4145833333333333,-0.23522844888569364,Uncued
1243,-0.4125,-0.31918455793619543,Uncued
1244,-0.41041666666666665,0.004660929248031798,Uncued
1245,-0.4083333333333333,0.31305563058241576,Uncued
1246,-0.40625,0.23371642840697263,Uncued
1247,-0.4041666666666667,-0.10137260947689164,Uncued
1248,-0.40208333333333335,-0.25775947408388616,Uncued
1249,-0.4,-0.05691734704476842,Uncued
1250,-0.3979166666666667,0.21309788870266175,Uncued
1251,-0.39583333333333337,0.1652482508369956,Uncued
1252,-0.39375000000000004,-0.1882532627158119,Uncued
1253,-0.3916666666666667,-0.4166885313971826,Uncued
1254,-0.3895833333333333,-0.17045046305156727,Uncued
1255,-0.38749999999999996,0.37391421596907987,Uncued
1256,-0.38541666666666663,0.6596839521775952,Uncued
1257,-0.3833333333333333,0.3309663757262651,Uncued
1258,-0.38125,-0.3716430485044664,Uncued
1259,-0.37916666666666665,-0.8155347484533074,Uncued
1260,-0.3770833333333333,-0.5790581653782884,Uncued
1261,-0.375,0.1593147984378771,Uncued
1262,-0.3729166666666667,0.7827267202225944,Uncued
1263,-0.37083333333333335,0.7760719852302551,Uncued
1264,-0.36875,0.15319270116632264,Uncued
1265,-0.3666666666666667,-0.5762113313620896,Uncued
1266,-0.36458333333333337,-0.839634690790063,Uncued
1267,-0.36250000000000004,-0.442240871790984,Uncued
1268,-0.3604166666666667,0.2927717574405509,Uncued
1269,-0.3583333333333333,0.7849347939977038,Uncued
1270,-0.35624999999999996,0.64836805212815,Uncued
1271,-0.35416666666666663,-0.013081193111137998,Uncued
1272,-0.3520833333333333,-0.6778956228579945,Uncued
1273,-0.35,-0.8067928703611926,Uncued
1274,-0.34791666666666665,-0.274823229193925,Uncued
1275,-0.3458333333333333,0.5213457050201007,Uncued
1276,-0.34375,0.9460073966971977,Uncued
1277,-0.3416666666666667,0.6237796355275437,Uncued
1278,-0.33958333333333335,-0.24734984857769712,Uncued
1279,-0.3375,-1.0061133008649155,Uncued
1280,-0.3354166666666667,-1.0268626715770957,Uncued
1281,-0.33333333333333337,-0.21608930620407543,Uncued
1282,-0.33125000000000004,0.8533273174751086,Uncued
1283,-0.3291666666666667,1.3422096145200861,Uncued
1284,-0.3270833333333333,0.8022003904558762,Uncued
1285,-0.32499999999999996,-0.4151750699550995,Uncued
1286,-0.32291666666666663,-1.3780888173285801,Uncued
1287,-0.3208333333333333,-1.3011778557562248,Uncued
1288,-0.31875,-0.2136368096082483,Uncued
1289,-0.31666666666666665,1.0332284741328122,Uncued
1290,-0.3145833333333333,1.4546900046818896,Uncued
1291,-0.3125,0.7591203477953085,Uncued
1292,-0.3104166666666667,-0.4333343246877723,Uncued
1293,-0.30833333333333335,-1.1588313336201588,Uncued
1294,-0.30625,-0.9456223121879773,Uncued
1295,-0.3041666666666667,-0.1368374342738785,Uncued
1296,-0.30208333333333337,0.5383176958966435,Uncued
1297,-0.30000000000000004,0.6616698838487148,Uncued
1298,-0.2979166666666667,0.37974229824345856,Uncued
1299,-0.2958333333333333,0.08252305975315673,Uncued
1300,-0.29374999999999996,-0.06437492719445875,Uncued
1301,-0.29166666666666663,-0.1937085650568359,Uncued
1302,-0.2895833333333333,-0.4076363409418329,Uncued
1303,-0.2875,-0.5324578945597407,Uncued
1304,-0.28541666666666665,-0.2895045163231856,Uncued
1305,-0.2833333333333333,0.30524815436592573,Uncued
1306,-0.28125,0.8207082723732014,Uncued
1307,-0.2791666666666667,0.7725916159417651,Uncued
1308,-0.27708333333333335,0.11097934302914646,Uncued
1309,-0.275,-0.6828243098383276,Uncued
1310,-0.2729166666666667,-0.9963688425141942,Uncued
1311,-0.27083333333333337,-0.5973269738979617,Uncued
1312,-0.26875000000000004,0.2067184457998548,Uncued
1313,-0.2666666666666667,0.8493590428053114,Uncued
1314,-0.2645833333333333,0.9142378155809872,Uncued
1315,-0.26249999999999996,0.37108350049661093,Uncued
1316,-0.26041666666666663,-0.42814966977663493,Uncued
1317,-0.2583333333333333,-0.9567250348910941,Uncued
1318,-0.25625,-0.8267296591271961,Uncued
1319,-0.25416666666666665,-0.07756675545060181,Uncued
1320,-0.2520833333333333,0.7688479702003379,Uncued
1321,-0.25,1.0355305621222575,Uncued
1322,-0.24791666666666667,0.4648917903473668,Uncued
1323,-0.24583333333333335,-0.48817617167555466,Uncued
1324,-0.24375000000000002,-1.002275339718778,Uncued
1325,-0.2416666666666667,-0.6395677667397043,Uncued
1326,-0.23958333333333337,0.23603069130786977,Uncued
1327,-0.23750000000000004,0.812265822147049,Uncued
1328,-0.23541666666666672,0.6171296382143593,Uncued
1329,-0.23333333333333328,-0.06793890352139607,Uncued
1330,-0.23124999999999996,-0.5573379469474972,Uncued
1331,-0.22916666666666663,-0.47643160630492676,Uncued
1332,-0.2270833333333333,-0.05324147968735101,Uncued
1333,-0.22499999999999998,0.2593984347863399,Uncued
1334,-0.22291666666666665,0.2917759348232408,Uncued
1335,-0.22083333333333333,0.19570239696352512,Uncued
1336,-0.21875,0.1016363057917577,Uncued
1337,-0.21666666666666667,-0.07159124626531223,Uncued
1338,-0.21458333333333335,-0.3778640306035963,Uncued
1339,-0.21250000000000002,-0.5548383969281963,Uncued
1340,-0.2104166666666667,-0.22739090356428285,Uncued
1341,-0.20833333333333337,0.5371562070276643,Uncued
1342,-0.20625000000000004,1.0530088108363131,Uncued
1343,-0.20416666666666672,0.6307659145174475,Uncued
1344,-0.20208333333333328,-0.5649262366773827,Uncued
1345,-0.19999999999999996,-1.459672176974798,Uncued
1346,-0.19791666666666663,-1.0766149921198613,Uncued
1347,-0.1958333333333333,0.38746001765026034,Uncued
1348,-0.19374999999999998,1.6121530124685588,Uncued
1349,-0.19166666666666665,1.4109340489871631,Uncued
1350,-0.18958333333333333,-0.05925387391126009,Uncued
1351,-0.1875,-1.4248015270563739,Uncued
1352,-0.18541666666666667,-1.4586284956608013,Uncued
1353,-0.18333333333333335,-0.2571875291799605,Uncued
1354,-0.18125000000000002,0.9623572174215506,Uncued
1355,-0.1791666666666667,1.1458414189488364,Uncued
1356,-0.17708333333333337,0.3738771327692072,Uncued
1357,-0.17500000000000004,-0.42638687310399864,Uncued
1358,-0.17291666666666672,-0.5660240446431264,Uncued
1359,-0.17083333333333328,-0.21035783402427258,Uncued
1360,-0.16874999999999996,0.0387982244296588,Uncued
1361,-0.16666666666666663,-0.051816375617901055,Uncued
1362,-0.1645833333333333,-0.1526699385569783,Uncued
1363,-0.16249999999999998,0.07381989250179952,Uncued
1364,-0.16041666666666665,0.4604546450447249,Uncued
1365,-0.15833333333333333,0.511064574249544,Uncued
1366,-0.15625,0.04724677399855448,Uncued
1367,-0.15416666666666667,-0.5248433489334888,Uncued
1368,-0.15208333333333335,-0.652720266900402,Uncued
1369,-0.15000000000000002,-0.2363108561804619,Uncued
1370,-0.1479166666666667,0.28990114590836663,Uncued
1371,-0.14583333333333337,0.47645545538923884,Uncued
1372,-0.14375000000000004,0.305428470514315,Uncued
1373,-0.14166666666666672,0.06884317613296471,Uncued
1374,-0.13958333333333328,-0.05745997201706387,Uncued
1375,-0.13749999999999996,-0.16774035021742317,Uncued
1376,-0.13541666666666663,-0.34806572788016527,Uncued
1377,-0.1333333333333333,-0.41525441254190004,Uncued
1378,-0.13124999999999998,-0.11601177109572959,Uncued
1379,-0.12916666666666665,0.43302285599077633,Uncued
1380,-0.12708333333333333,0.720126624103385,Uncued
1381,-0.125,0.3685946867513002,Uncued
1382,-0.12291666666666667,-0.36632365725728677,Uncued
1383,-0.12083333333333335,-0.7684771524451377,Uncued
1384,-0.11875000000000002,-0.4240190996274495,Uncued
1385,-0.1166666666666667,0.2938058374358723,Uncued
1386,-0.11458333333333337,0.6182693126694888,Uncued
1387,-0.11250000000000004,0.23504697376912298,Uncued
1388,-0.11041666666666672,-0.3691066760438986,Uncued
1389,-0.10833333333333328,-0.47407739058493986,Uncued
1390,-0.10624999999999996,0.05077706636488968,Uncued
1391,-0.10416666666666663,0.5982370839523268,Uncued
1392,-0.1020833333333333,0.5066854116813682,Uncued
1393,-0.09999999999999998,-0.1982379996123791,Uncued
1394,-0.09791666666666665,-0.8246202457828488,Uncued
1395,-0.09583333333333333,-0.7390394830297434,Uncued
1396,-0.09375,0.014786497321979203,Uncued
1397,-0.09166666666666667,0.7980388033955489,Uncued
1398,-0.08958333333333335,0.992449085863841,Uncued
1399,-0.08750000000000002,0.4773272267686092,Uncued
1400,-0.0854166666666667,-0.37413738107746014,Uncued
1401,-0.08333333333333337,-1.0195742157205627,Uncued
1402,-0.08125000000000004,-1.0478246678911314,Uncued
1403,-0.07916666666666672,-0.3712193129892775,Uncued
1404,-0.07708333333333328,0.6733107275721393,Uncued
1405,-0.07499999999999996,1.3922912567678687,Uncued
1406,-0.07291666666666663,1.1476629539157581,Uncued
1407,-0.0708333333333333,-0.057528961207476824,Uncued
1408,-0.06874999999999998,-1.3643791838717787,Uncued
1409,-0.06666666666666665,-1.6522275932440493,Uncued
1410,-0.06458333333333333,-0.5594462454179348,Uncued
1411,-0.0625,1.0483517535855709,Uncued
1412,-0.060416666666666674,1.7562016505581461,Uncued
1413,-0.05833333333333335,0.9110927537343518,Uncued
1414,-0.05625000000000002,-0.7088845330369807,Uncued
1415,-0.054166666666666696,-1.594340306015937,Uncued
1416,-0.05208333333333337,-0.9449526071914033,Uncued
1417,-0.050000000000000044,0.5572548665309283,Uncued
1418,-0.04791666666666672,1.4258230096499496,Uncued
1419,-0.04583333333333328,0.8276630358419848,Uncued
1420,-0.043749999999999956,-0.609249004731664,Uncued
1421,-0.04166666666666663,-1.4389134256480804,Uncued
1422,-0.039583333333333304,-0.8158024943555461,Uncued
1423,-0.03749999999999998,0.6810040968261628,Uncued
1424,-0.03541666666666665,1.6106775812865035,Uncued
1425,-0.033333333333333326,1.0436391620081065,Uncued
1426,-0.03125,-0.5611178560694137,Uncued
1427,-0.029166666666666674,-1.7606836629204878,Uncued
1428,-0.027083333333333348,-1.4392228831074199,Uncued
1429,-0.025000000000000022,0.1781793252833829,Uncued
1430,-0.022916666666666696,1.7036217324976992,Uncued
1431,-0.02083333333333337,1.800274175110652,Uncued
1432,-0.018750000000000044,0.3574147223638038,Uncued
1433,-0.01666666666666672,-1.3960368399072072,Uncued
1434,-0.014583333333333282,-1.9488005848847034,Uncued
1435,-0.012499999999999956,-0.8380581112952442,Uncued
1436,-0.01041666666666663,0.9451995000754064,Uncued
1437,-0.008333333333333304,1.8393991132801375,Uncued
1438,-0.006249999999999978,1.109350247511131,Uncued
1439,-0.004166666666666652,-0.5166574125580475,Uncued
1440,-0.002083333333333326,-1.5578230637185948,Uncued
1441,0.0,-1.1460608581801912,Uncued
1442,0.002083333333333437,0.22412197815749335,Uncued
1443,0.004166666666666652,1.239255672328988,Uncued
1444,0.006250000000000089,1.027453336411091,Uncued
1445,0.008333333333333304,-0.07882620316030232,Uncued
1446,0.01041666666666674,-0.9693474049746403,Uncued
1447,0.012499999999999956,-0.8662921569972633,Uncued
1448,0.014583333333333393,0.009218044485817214,Uncued
1449,0.016666666666666607,0.7642523715853664,Uncued
1450,0.018750000000000044,0.7380086893125588,Uncued
1451,0.02083333333333326,0.06001819049071808,Uncued
1452,0.022916666666666696,-0.588263152769957,Uncued
1453,0.02499999999999991,-0.6563376400554229,Uncued
1454,0.027083333333333348,-0.16864156844425604,Uncued
1455,0.029166666666666563,0.4015048405330362,Uncued
1456,0.03125,0.5913248448353724,Uncued
1457,0.03333333333333344,0.30013186836849143,Uncued
1458,0.03541666666666665,-0.19885965342539025,Uncued
1459,0.03750000000000009,-0.5106297388617952,Uncued
1460,0.039583333333333304,-0.40693764235229396,Uncued
1461,0.04166666666666674,0.01004141618990431,Uncued
1462,0.043749999999999956,0.3948233605438756,Uncued
1463,0.04583333333333339,0.439945299385051,Uncued
1464,0.04791666666666661,0.12814658677580912,Uncued
1465,0.050000000000000044,-0.25536733756557045,Uncued
1466,0.05208333333333326,-0.38368744126777515,Uncued
1467,0.054166666666666696,-0.19053571938295621,Uncued
1468,0.05624999999999991,0.10398544957680807,Uncued
1469,0.05833333333333335,0.24319779944107614,Uncued
1470,0.06041666666666656,0.17948361860418308,Uncued
1471,0.0625,0.04929207656480353,Uncued
1472,0.06458333333333344,-0.040772514057905905,Uncued
1473,0.06666666666666665,-0.1194428351371325,Uncued
1474,0.06875000000000009,-0.21055793535973436,Uncued
1475,0.0708333333333333,-0.2064653897778256,Uncued
1476,0.07291666666666674,0.015476324252703899,Uncued
1477,0.07499999999999996,0.3558658792990135,Uncued
1478,0.07708333333333339,0.4731127911036583,Uncued
1479,0.07916666666666661,0.13596292721289294,Uncued
1480,0.08125000000000004,-0.43953581491363414,Uncued
1481,0.08333333333333326,-0.7078865964362405,Uncued
1482,0.0854166666666667,-0.33779828960727815,Uncued
1483,0.08749999999999991,0.39014311289089415,Uncued
1484,0.08958333333333335,0.8158477648939053,Uncued
1485,0.09166666666666656,0.5430671792708002,Uncued
1486,0.09375,-0.17713557165094138,Uncued
1487,0.09583333333333344,-0.7160077158442171,Uncued
1488,0.09791666666666665,-0.6626673862598019,Uncued
1489,0.10000000000000009,-0.1477067517241669,Uncued
1490,0.1020833333333333,0.3812943550723049,Uncued
1491,0.10416666666666674,0.5936629489062847,Uncued
1492,0.10624999999999996,0.4575078225182905,Uncued
1493,0.10833333333333339,0.10635143244861768,Uncued
1494,0.11041666666666661,-0.31432950029772533,Uncued
1495,0.11250000000000004,-0.6232309280488838,Uncued
1496,0.11458333333333326,-0.5894582877926108,Uncued
1497,0.1166666666666667,-0.11165336718784931,Uncued
1498,0.11874999999999991,0.5631548288021383,Uncued
1499,0.12083333333333335,0.9039051801634668,Uncued
1500,0.12291666666666656,0.5436560900215696,Uncued
1501,0.125,-0.31021929636588613,Uncued
1502,0.12708333333333344,-0.9638020569596609,Uncued
1503,0.12916666666666665,-0.8425798753494966,Uncued
1504,0.1312500000000001,-0.0337002953231776,Uncued
1505,0.1333333333333333,0.7766687209360512,Uncued
1506,0.13541666666666674,0.9223308412717989,Uncued
1507,0.13749999999999996,0.3378499668960267,Uncued
1508,0.1395833333333334,-0.4435294390939746,Uncued
1509,0.1416666666666666,-0.7921176555847955,Uncued
1510,0.14375000000000004,-0.507800797564363,Uncued
1511,0.14583333333333326,0.09012777949919404,Uncued
1512,0.1479166666666667,0.5158043398142357,Uncued
1513,0.1499999999999999,0.5077809026058523,Uncued
1514,0.15208333333333335,0.1701846839028813,Uncued
1515,0.15416666666666656,-0.20296340833002038,Uncued
1516,0.15625,-0.3712775651448644,Uncued
1517,0.15833333333333344,-0.2882276427129001,Uncued
1518,0.16041666666666665,-0.06217682240061232,Uncued
1519,0.1625000000000001,0.15906167165005294,Uncued
1520,0.1645833333333333,0.2649451726500236,Uncued
1521,0.16666666666666674,0.21791624399666362,Uncued
1522,0.16874999999999996,0.050711785053750645,Uncued
1523,0.1708333333333334,-0.1444415730542989,Uncued
1524,0.1729166666666666,-0.2579174952122288,Uncued
1525,0.17500000000000004,-0.2182488341785782,Uncued
1526,0.17708333333333326,-0.03502160602533022,Uncued
1527,0.1791666666666667,0.18818878128045657,Uncued
1528,0.1812499999999999,0.3109811053473039,Uncued
1529,0.18333333333333335,0.2350785316480919,Uncued
1530,0.18541666666666656,-0.01869563372089426,Uncued
1531,0.1875,-0.30489981698111773,Uncued
1532,0.18958333333333344,-0.4231056686814641,Uncued
1533,0.19166666666666665,-0.2461587719534768,Uncued
1534,0.1937500000000001,0.15856014576415922,Uncued
1535,0.1958333333333333,0.5261413086769623,Uncued
1536,0.19791666666666674,0.554645812254888,Uncued
1537,0.19999999999999996,0.14755937275744405,Uncued
1538,0.2020833333333334,-0.45306267705202785,Uncued
1539,0.2041666666666666,-0.7964083462712361,Uncued
1540,0.20625000000000004,-0.5639004196424297,Uncued
1541,0.20833333333333326,0.13856409275618511,Uncued
1542,0.2104166666666667,0.8105372516504983,Uncued
1543,0.2124999999999999,0.9289710075986631,Uncued
1544,0.21458333333333335,0.3630298634729963,Uncued
1545,0.21666666666666656,-0.5077713674705501,Uncued
1546,0.21875,-1.0559858113723146,Uncued
1547,0.22083333333333344,-0.8670394595255629,Uncued
1548,0.22291666666666665,-0.048867029586288184,Uncued
1549,0.2250000000000001,0.8302508440695578,Uncued
1550,0.2270833333333333,1.1361832190121541,Uncued
1551,0.22916666666666674,0.6278583384889923,Uncued
1552,0.23124999999999996,-0.3393956108288055,Uncued
1553,0.2333333333333334,-1.0477765928752756,Uncued
1554,0.2354166666666666,-0.959885030448739,Uncued
1555,0.23750000000000004,-0.16645979792721968,Uncued
1556,0.23958333333333326,0.678233963267087,Uncued
1557,0.2416666666666667,0.9068988711798708,Uncued
1558,0.2437499999999999,0.4167176086398645,Uncued
1559,0.24583333333333335,-0.2750172548365674,Uncued
1560,0.24791666666666656,-0.5554015520257285,Uncued
1561,0.25,-0.29851242552964513,Uncued
1562,0.25208333333333344,0.08426964959806539,Uncued
1563,0.25416666666666665,0.14942853868093411,Uncued
1564,0.2562500000000001,-0.08173957180100618,Uncued
1565,0.2583333333333333,-0.19301057254470355,Uncued
1566,0.26041666666666674,0.07715057543071858,Uncued
1567,0.26249999999999996,0.4745109879412555,Uncued
1568,0.2645833333333334,0.48941301454991243,Uncued
1569,0.2666666666666666,-0.041532675346883555,Uncued
1570,0.26875000000000004,-0.6738157837900721,Uncued
1571,0.27083333333333326,-0.7706531815444079,Uncued
1572,0.2729166666666667,-0.1729596939698533,Uncued
1573,0.2749999999999999,0.6133098109426439,Uncued
1574,0.27708333333333335,0.8851649643427167,Uncued
1575,0.27916666666666656,0.41108133435355837,Uncued
1576,0.28125,-0.37301767745136294,Uncued
1577,0.28333333333333344,-0.7973272664621905,Uncued
1578,0.28541666666666665,-0.5569454544345314,Uncued
1579,0.2875000000000001,0.0827625610958412,Uncued
1580,0.2895833333333333,0.5767267723975781,Uncued
1581,0.29166666666666674,0.5736888454099515,Uncued
1582,0.29374999999999996,0.15117210796335379,Uncued
1583,0.2958333333333334,-0.316381252717214,Uncued
1584,0.2979166666666666,-0.48235820323838,Uncued
1585,0.30000000000000004,-0.27206417505019226,Uncued
1586,0.30208333333333326,0.09713782826639704,Uncued
1587,0.3041666666666667,0.3248529982336204,Uncued
1588,0.3062499999999999,0.26416207527193264,Uncued
1589,0.30833333333333335,0.024350627686383186,Uncued
1590,0.31041666666666656,-0.15590868747360817,Uncued
1591,0.3125,-0.14263379655648964,Uncued
1592,0.31458333333333344,-0.019208180727504853,Uncued
1593,0.31666666666666665,0.03534203190497268,Uncued
1594,0.3187500000000001,-0.033822619313690155,Uncued
1595,0.3208333333333333,-0.09533256945815156,Uncued
1596,0.32291666666666674,-0.006590423415882045,Uncued
1597,0.32499999999999996,0.17571249434352101,Uncued
1598,0.3270833333333334,0.23276510288969168,Uncued
1599,0.3291666666666666,0.046927719584317074,Uncued
1600,0.33125000000000004,-0.22455379251874383,Uncued
1601,0.33333333333333326,-0.2925002858327725,Uncued
1602,0.3354166666666667,-0.07216339034515683,Uncued
1603,0.3374999999999999,0.196381462041765,Uncued
1604,0.33958333333333335,0.21318033821519758,Uncued
1605,0.34166666666666656,-0.026231868263317786,Uncued
1606,0.34375,-0.20059110754165568,Uncued
1607,0.34583333333333344,-0.051428394136290356,Uncued
1608,0.34791666666666665,0.27276078853189917,Uncued
1609,0.3500000000000001,0.3392181844830211,Uncued
1610,0.3520833333333333,-0.05868724705970942,Uncued
1611,0.35416666666666674,-0.5814141580315498,Uncued
1612,0.35624999999999996,-0.6350124650481557,Uncued
1613,0.3583333333333334,-0.015060187764054414,Uncued
1614,0.3604166666666666,0.780331996761111,Uncued
1615,0.36250000000000004,0.9708882713266157,Uncued
1616,0.36458333333333326,0.2757335853778828,Uncued
1617,0.3666666666666667,-0.7452386366842596,Uncued
1618,0.3687499999999999,-1.1756897071442607,Uncued
1619,0.37083333333333335,-0.6032309385861697,Uncued
1620,0.37291666666666656,0.47809678958503166,Uncued
1621,0.375,1.1266724037136013,Uncued
1622,0.37708333333333344,0.8104938395305683,Uncued
1623,0.37916666666666665,-0.1307081472907358,Uncued
1624,0.3812500000000001,-0.8496760611207327,Uncued
1625,0.3833333333333333,-0.7846749370860352,Uncued
1626,0.38541666666666674,-0.11715089595437524,Uncued
1627,0.38749999999999996,0.48732647144200597,Uncued
1628,0.3895833333333334,0.5478453644469345,Uncued
1629,0.3916666666666666,0.15981900432337107,Uncued
1630,0.39375000000000004,-0.21080284424269258,Uncued
1631,0.39583333333333326,-0.24505803508942367,Uncued
1632,0.3979166666666667,-0.04406694991202565,Uncued
1633,0.3999999999999999,0.08542361317498536,Uncued
1634,0.40208333333333335,0.01637621064943981,Uncued
1635,0.40416666666666656,-0.09085668589887697,Uncued
1636,0.40625,-0.05241783954415516,Uncued
1637,0.40833333333333344,0.08996773706660553,Uncued
1638,0.41041666666666665,0.1277641728348188,Uncued
1639,0.4125000000000001,-0.0158318233144616,Uncued
1640,0.4145833333333333,-0.14836623571059196,Uncued
1641,0.41666666666666674,-0.05200826938106017,Uncued
1642,0.41874999999999996,0.19524129077355545,Uncued
1643,0.4208333333333334,0.25469289014810076,Uncued
1644,0.4229166666666666,-0.054968375636906895,Uncued
1645,0.42500000000000004,-0.4526628635159511,Uncued
1646,0.42708333333333326,-0.4417567693181262,Uncued
1647,0.4291666666666667,0.10087502420658727,Uncued
1648,0.4312499999999999,0.6787082616309567,Uncued
1649,0.43333333333333335,0.6395712603778007,Uncued
1650,0.43541666666666656,-0.08322011059449562,Uncued
1651,0.4375,-0.7994276437512008,Uncued
1652,0.43958333333333344,-0.7507631703786238,Uncued
1653,0.44166666666666665,0.06509720456297363,Uncued
1654,0.4437500000000001,0.8296131602097524,Uncued
1655,0.4458333333333333,0.7447009978264738,Uncued
1656,0.44791666666666674,-0.10919213850367963,Uncued
1657,0.44999999999999996,-0.8446931430659345,Uncued
1658,0.4520833333333334,-0.6995442100890298,Uncued
1659,0.4541666666666666,0.17401627504865594,Uncued
1660,0.45625000000000004,0.8806373384147154,Uncued
1661,0.45833333333333326,0.716718404485237,Uncued
1662,0.4604166666666667,-0.1402238969660146,Uncued
1663,0.4624999999999999,-0.8612662180876068,Uncued
1664,0.46458333333333335,-0.8054439530435133,Uncued
1665,0.46666666666666656,-0.08114065712271244,Uncued
1666,0.46875,0.6524323033014922,Uncued
1667,0.47083333333333344,0.8398562149129448,Uncued
1668,0.47291666666666665,0.43772278251161856,Uncued
1669,0.4750000000000001,-0.20225000931764903,Uncued
1670,0.4770833333333333,-0.6682077578720236,Uncued
1671,0.47916666666666674,-0.7262701807766433,Uncued
1672,0.48124999999999996,-0.36300869092472077,Uncued
1673,0.4833333333333334,0.24111456743957957,Uncued
1674,0.4854166666666666,0.7405823363943398,Uncued
1675,0.48750000000000004,0.7824817219279963,Uncued
1676,0.48958333333333326,0.2784467700872164,Uncued
1677,0.4916666666666667,-0.4442061327752418,Uncued
1678,0.4937499999999999,-0.8451161841950611,Uncued
1679,0.49583333333333335,-0.6201997676890377,Uncued
1680,0.49791666666666656,0.018637457232887022,Uncued
1681,0.5,0.5408887586940606,Uncued
1682,0.5020833333333334,0.5888675167742909,Uncued
1683,0.5041666666666667,0.25291428059148796,Uncued
1684,0.5062500000000001,-0.10272491768901382,Uncued
1685,0.5083333333333333,-0.233284659779983,Uncued
1686,0.5104166666666667,-0.1988394860435375,Uncued
1687,0.5125,-0.17499188897105342,Uncued
1688,0.5145833333333334,-0.18771041856550863,Uncued
1689,0.5166666666666666,-0.10644322823151614,Uncued
1690,0.51875,0.1292444621137348,Uncued
1691,0.5208333333333333,0.36865733816992824,Uncued
1692,0.5229166666666667,0.3882747817130219,Uncued
1693,0.5249999999999999,0.14281822991636695,Uncued
1694,0.5270833333333333,-0.18545504899913387,Uncued
1695,0.5291666666666666,-0.38005407463465035,Uncued
1696,0.53125,-0.3770933934957939,Uncued
1697,0.5333333333333334,-0.2350009556678985,Uncued
1698,0.5354166666666667,0.006855000415262417,Uncued
1699,0.5375000000000001,0.3327935527126146,Uncued
1700,0.5395833333333333,0.6058168501456423,Uncued
1701,0.5416666666666667,0.552716657687381,Uncued
1702,0.54375,0.026646087521227935,Uncued
1703,0.5458333333333334,-0.6962238776121287,Uncued
1704,0.5479166666666666,-1.01251512812278,Uncued
1705,0.55,-0.5278127355109706,Uncued
1706,0.5520833333333333,0.4664409091398565,Uncued
1707,0.5541666666666667,1.1524357506933367,Uncued
1708,0.5562499999999999,0.9126393778982053,Uncued
1709,0.5583333333333333,-0.07089995053909426,Uncued
1710,0.5604166666666666,-0.9569182031219624,Uncued
1711,0.5625,-1.0168900699888266,Uncued
1712,0.5645833333333334,-0.27679709807576586,Uncued
1713,0.5666666666666667,0.5759210233516537,Uncued
1714,0.5687500000000001,0.8530549188545677,Uncued
1715,0.5708333333333333,0.4465040133989236,Uncued
1716,0.5729166666666667,-0.20431116695295756,Uncued
1717,0.575,-0.5748550207655896,Uncued
1718,0.5770833333333334,-0.4615026743720692,Uncued
1719,0.5791666666666666,-0.04171394104755541,Uncued
1720,0.58125,0.3465884938405927,Uncued
1721,0.5833333333333333,0.4393083235809004,Uncued
1722,0.5854166666666667,0.18516910901319458,Uncued
1723,0.5874999999999999,-0.23180953221875047,Uncued
1724,0.5895833333333333,-0.48309036146284545,Uncued
1725,0.5916666666666666,-0.3182698133012448,Uncued
1726,0.59375,0.17732690154536326,Uncued
1727,0.5958333333333334,0.5887084181599794,Uncued
1728,0.5979166666666667,0.5059702901748775,Uncued
1729,0.6000000000000001,-0.06513336650574685,Uncued
1730,0.6020833333333333,-0.6481018848577108,Uncued
1731,0.6041666666666667,-0.7081225049802217,Uncued
1732,0.60625,-0.16436550456781135,Uncued
1733,0.6083333333333334,0.5212057188543574,Uncued
1734,0.6104166666666666,0.7805461213866693,Uncued
1735,0.6125,0.442038136440786,Uncued
1736,0.6145833333333333,-0.1707485546743781,Uncued
1737,0.6166666666666667,-0.5876346924677808,Uncued
1738,0.6187499999999999,-0.5942819343529359,Uncued
1739,0.6208333333333333,-0.29027837203144197,Uncued
1740,0.6229166666666666,0.10868503994936617,Uncued
1741,0.625,0.4472324902378824,Uncued
1742,0.6270833333333334,0.6185683048785072,Uncued
1743,0.6291666666666667,0.4982109451321754,Uncued
1744,0.6312500000000001,0.025663537393325036,Uncued
1745,0.6333333333333333,-0.6038415270037963,Uncued
1746,0.6354166666666667,-0.9557585119866046,Uncued
1747,0.6375,-0.6615974065796669,Uncued
1748,0.6395833333333334,0.1936751396432801,Uncued
1749,0.6416666666666666,1.0225384378820774,Uncued
1750,0.64375,1.1606400573818747,Uncued
1751,0.6458333333333333,0.4363619656813383,Uncued
1752,0.6479166666666667,-0.6456321963514401,Uncued
1753,0.6499999999999999,-1.2741553978831417,Uncued
1754,0.6520833333333333,-0.9831200916404645,Uncued
1755,0.6541666666666666,-0.00992235864245361,Uncued
1756,0.65625,0.9204208822753523,Uncued
1757,0.6583333333333334,1.1722144515628692,Uncued
1758,0.6604166666666667,0.6400167072852607,Uncued
1759,0.6625000000000001,-0.25019609837143764,Uncued
1760,0.6645833333333333,-0.914504392732975,Uncued
1761,0.6666666666666667,-0.9915669096358298,Uncued
1762,0.66875,-0.48429375410959513,Uncued
1763,0.6708333333333334,0.30444714378929033,Uncued
1764,0.6729166666666666,0.9386563658918438,Uncued
1765,0.675,1.0281182790395273,Uncued
1766,0.6770833333333333,0.43433829525929685,Uncued
1767,0.6791666666666667,-0.5447295927587851,Uncued
1768,0.6812499999999999,-1.2538455239600677,Uncued
1769,0.6833333333333333,-1.0920917939644976,Uncued
1770,0.6854166666666666,-0.04556642439155565,Uncued
1771,0.6875,1.1489886766386874,Uncued
1772,0.6895833333333334,1.510109183632986,Uncued
1773,0.6916666666666667,0.6487273449416392,Uncued
1774,0.6937500000000001,-0.7981000666095307,Uncued
1775,0.6958333333333333,-1.6334033550260905,Uncued
1776,0.6979166666666667,-1.1211518738526742,Uncued
1777,0.7,0.32636282692710933,Uncued
1778,0.7020833333333334,1.4752495945806408,Uncued
1779,0.7041666666666666,1.3577527899692488,Uncued
1780,0.70625,0.12007607466619157,Uncued
1781,0.7083333333333333,-1.1307181375842752,Uncued
1782,0.7104166666666667,-1.3395727849719232,Uncued
1783,0.7124999999999999,-0.42164089592529685,Uncued
1784,0.7145833333333333,0.7353092903433504,Uncued
1785,0.7166666666666666,1.1282722849744926,Uncued
1786,0.71875,0.5224153845517302,Uncued
1787,0.7208333333333334,-0.4287577123180322,Uncued
1788,0.7229166666666667,-0.8583570451237504,Uncued
1789,0.7250000000000001,-0.4708161055789926,Uncued
1790,0.7270833333333333,0.2705344339674705,Uncued
1791,0.7291666666666667,0.6548405087887622,Uncued
1792,0.73125,0.38478276771782643,Uncued
1793,0.7333333333333334,-0.21625148980688821,Uncued
1794,0.7354166666666666,-0.5717104918632371,Uncued
1795,0.7375,-0.38457211294712984,Uncued
1796,0.7395833333333333,0.14645056802002365,Uncued
1797,0.7416666666666667,0.5468980907283439,Uncued
1798,0.7437499999999999,0.4894339012530809,Uncued
1799,0.7458333333333333,0.033617385224981366,Uncued
1800,0.7479166666666666,-0.46165502165330446,Uncued
1801,0.75,-0.6200993101658231,Uncued
1802,0.7520833333333334,-0.3173748785010711,Uncued
1803,0.7541666666666667,0.23518844642286119,Uncued
1804,0.7562500000000001,0.6345818706548285,Uncued
1805,0.7583333333333333,0.5724588822945642,Uncued
1806,0.7604166666666667,0.08620463394256776,Uncued
1807,0.7625,-0.4522413845514788,Uncued
1808,0.7645833333333334,-0.6353694164027388,Uncued
1809,0.7666666666666666,-0.35612269743291497,Uncued
1810,0.76875,0.12235298769609226,Uncued
1811,0.7708333333333333,0.41939563043821537,Uncued
1812,0.7729166666666667,0.38661614724139093,Uncued
1813,0.7749999999999999,0.17774875196164452,Uncued
1814,0.7770833333333333,0.004896875026265772,Uncued
1815,0.7791666666666666,-0.10714257349755744,Uncued
1816,0.78125,-0.2606927204494196,Uncued
1817,0.7833333333333334,-0.4313652623258087,Uncued
1818,0.7854166666666667,-0.3859798346691859,Uncued
1819,0.7875000000000001,0.044237992441340045,Uncued
1820,0.7895833333333333,0.6357600675400631,Uncued
1821,0.7916666666666667,0.8515834118514573,Uncued
1822,0.79375,0.36145153358458443,Uncued
1823,0.7958333333333334,-0.5258845084579741,Uncued
1824,0.7979166666666666,-1.0573194780680792,Uncued
1825,0.8,-0.7341414876395819,Uncued
1826,0.8020833333333333,0.18397485773266073,Uncued
1827,0.8041666666666667,0.9050393099485657,Uncued
1828,0.8062499999999999,0.8563514333192147,Uncued
1829,0.8083333333333333,0.17529780604043319,Uncued
1830,0.8104166666666666,-0.501237980413661,Uncued
1831,0.8125,-0.677821363261753,Uncued
1832,0.8145833333333334,-0.38016729111891284,Uncued
1833,0.8166666666666667,0.03246502790195819,Uncued
1834,0.8187500000000001,0.2952047374958682,Uncued
1835,0.8208333333333333,0.3842020287728068,Uncued
1836,0.8229166666666667,0.3349980252243912,Uncued
1837,0.825,0.10873919724883567,Uncued
1838,0.8270833333333334,-0.2804852042920401,Uncued
1839,0.8291666666666666,-0.5766846529089882,Uncued
1840,0.83125,-0.4316349126174939,Uncued
1841,0.8333333333333333,0.1707858706697303,Uncued
1842,0.8354166666666667,0.7362102777697905,Uncued
1843,0.8374999999999999,0.664447264288067,Uncued
1844,0.8395833333333333,-0.0938532141201116,Uncued
1845,0.8416666666666666,-0.8563347590923036,Uncued
1846,0.84375,-0.8384179448187936,Uncued
1847,0.8458333333333334,0.014732882756790374,Uncued
1848,0.8479166666666667,0.8958668729615432,Uncued
1849,0.8500000000000001,0.928928491285942,Uncued
1850,0.8520833333333333,0.07498738331794841,Uncued
1851,0.8541666666666667,-0.814249486963304,Uncued
1852,0.85625,-0.8732872324906736,Uncued
1853,0.8583333333333334,-0.10714658118833621,Uncued
1854,0.8604166666666666,0.6465660150981852,Uncued
1855,0.8625,0.6359173473892155,Uncued
1856,0.8645833333333333,-0.020046724067790973,Uncued
1857,0.8666666666666667,-0.5218736334532451,Uncued
1858,0.8687499999999999,-0.3178068117553882,Uncued
1859,0.8708333333333333,0.304408029701945,Uncued
1860,0.8729166666666666,0.5681886238951995,Uncued
1861,0.875,0.10984043893049161,Uncued
1862,0.8770833333333334,-0.6054078992178064,Uncued
1863,0.8791666666666667,-0.7804666175168231,Uncued
1864,0.8812500000000001,-0.15024311730043335,Uncued
1865,0.8833333333333333,0.7165998520117687,Uncued
1866,0.8854166666666667,0.9931122157778782,Uncued
1867,0.8875,0.40683420524614955,Uncued
1868,0.8895833333333334,-0.5236681725177669,Uncued
1869,0.8916666666666666,-1.008659531350535,Uncued
1870,0.89375,-0.6925347779472371,Uncued
1871,0.8958333333333333,0.1098009997054662,Uncued
1872,0.8979166666666667,0.7509126329939894,Uncued
1873,0.8999999999999999,0.7971668799738628,Uncued
1874,0.9020833333333333,0.3002187216039323,Uncued
1875,0.9041666666666666,-0.32709608481238717,Uncued
1876,0.90625,-0.6511344553072663,Uncued
1877,0.9083333333333334,-0.5016621169830803,Uncued
1878,0.9104166666666667,-0.0476200367983077,Uncued
1879,0.9125000000000001,0.3515290566932781,Uncued
1880,0.9145833333333333,0.4283440258121584,Uncued
1881,0.9166666666666667,0.19749080807109967,Uncued
1882,0.91875,-0.08748221777506437,Uncued
1883,0.9208333333333334,-0.1864623206905601,Uncued
1884,0.9229166666666666,-0.09180563328444079,Uncued
1885,0.925,0.006908226853521289,Uncued
1886,0.9270833333333333,-0.035716503165833746,Uncued
1887,0.9291666666666667,-0.14802697240495613,Uncued
1888,0.9312499999999999,-0.13604327636760497,Uncued
1889,0.9333333333333333,0.07538566870882968,Uncued
1890,0.9354166666666666,0.33213387860982674,Uncued
1891,0.9375,0.38055312516731304,Uncued
1892,0.9395833333333334,0.1186620125802253,Uncued
1893,0.9416666666666667,-0.3014917125300535,Uncued
1894,0.9437500000000001,-0.5739908693121275,Uncued
1895,0.9458333333333333,-0.46568006534002127,Uncued
1896,0.9479166666666667,0.009874366827338,Uncued
1897,0.95,0.5650514945377771,Uncued
1898,0.9520833333333334,0.7899954866825348,Uncued
1899,0.9541666666666666,0.43968057772523217,Uncued
1900,0.95625,-0.3103215288977827,Uncued
1901,0.9583333333333333,-0.9088929984769916,Uncued
1902,0.9604166666666667,-0.8388694132674134,Uncued
1903,0.9624999999999999,-0.09748850993591048,Uncued
1904,0.9645833333333333,0.7322759443097384,Uncued
1905,0.9666666666666666,0.9660481042404712,Uncued
1906,0.96875,0.4439569298914814,Uncued
1907,0.9708333333333334,-0.33713385011182084,Uncued
1908,0.9729166666666667,-0.7231536799823063,Uncued
1909,0.9750000000000001,-0.5219199659226318,Uncued
1910,0.9770833333333333,-0.07629737600888353,Uncued
1911,0.9791666666666667,0.19633534054458798,Uncued
1912,0.98125,0.2412957279859891,Uncued
1913,0.9833333333333334,0.2734860808471148,Uncued
1914,0.9854166666666666,0.3672579566201131,Uncued
1915,0.9875,0.2912092970872969,Uncued
1916,0.9895833333333333,-0.1481819325531982,Uncued
1917,0.9916666666666667,-0.7098961323969831,Uncued
1918,0.9937499999999999,-0.8407893574200442,Uncued
1919,0.9958333333333333,-0.2544365797089105,Uncued
1920,0.9979166666666666,0.6665817592006794,Uncued
1921,1.0,1.1495057112458071,Uncued
