electrode,variable,value,frequency
O2,0,,1.0
PO4,0,,1.0
PO8,0,,1.0
P8,0,,1.0
P4,0,,1.0
P6,0,,1.0
P2,0,,1.0
P1,0,,1.0
P3,0,,1.0
P5,0,,1.0
P7,0,,1.0
PO7,0,,1.0
PO3,0,,1.0
O1,0,,1.0
Pz,0,,1.0
POz,0,,1.0
Oz,0,,1.0
Iz,0,,1.0
O2,1,1.1692824621755944,2.0
PO4,1,0.9214976514577335,2.0
PO8,1,2.6753681668960065,2.0
P8,1,1.926813432456971,2.0
P4,1,1.0817316186732557,2.0
P6,1,1.0798419041806002,2.0
P2,1,0.12543312958342348,2.0
P1,1,0.10024726683909845,2.0
P3,1,0.8709964326356588,2.0
P5,1,0.9694992862248698,2.0
P7,1,1.1530508998451394,2.0
PO7,1,0.9243721777932979,2.0
PO3,1,1.116640106861546,2.0
O1,1,0.536764514112009,2.0
Pz,1,0.7149050224351758,2.0
POz,1,4.2910191700248115,2.0
Oz,1,1.0315266220188548,2.0
Iz,1,1.4571699901647706,2.0
O2,2,0.45921275998715283,3.0
PO4,2,0.5391254037583342,3.0
PO8,2,0.038837484347860926,3.0
P8,2,0.2727817738410942,3.0
P4,2,2.523195572762149,3.0
P6,2,0.31213516450906786,3.0
P2,2,2.8148397772838476,3.0
P1,2,0.9543344557426828,3.0
P3,2,0.2693743721268145,3.0
P5,2,0.44909617605080104,3.0
P7,2,1.144944664573791,3.0
PO7,2,1.506715318071445,3.0
PO3,2,0.970581826547548,3.0
O1,2,0.6998759980970878,3.0
Pz,2,0.7688281225624685,3.0
POz,2,0.46498817683567234,3.0
Oz,2,1.4611397568380444,3.0
Iz,2,0.3953289738439074,3.0
O2,3,0.43774928157407217,4.0
PO4,3,0.7656432852525346,4.0
PO8,3,1.7605799268811635,4.0
P8,3,0.6675555869835691,4.0
P4,3,0.013634488373745063,4.0
P6,3,0.6188708138314034,4.0
P2,3,0.269609938275193,4.0
P1,3,0.9206667271232818,4.0
P3,3,0.8085476028999148,4.0
P5,3,0.2398737463138907,4.0
P7,3,0.3460173913732462,4.0
PO7,3,0.8995548363381113,4.0
PO3,3,0.4309231600426048,4.0
O1,3,0.7149148320184464,4.0
Pz,3,0.3131815879305727,4.0
POz,3,0.5496430521804864,4.0
Oz,3,0.99064448855982,4.0
Iz,3,1.4850934875250394,4.0
O2,4,1.4150596996682907,5.0
PO4,4,0.9410191978753844,5.0
PO8,4,1.0398998357905718,5.0
P8,4,1.3613119733556989,5.0
P4,4,33.757026123684234,5.0
P6,4,1.4527710809182814,5.0
P2,4,0.23074960650422174,5.0
P1,4,0.15970196019458768,5.0
P3,4,0.742177786934847,5.0
P5,4,0.8734014041074059,5.0
P7,4,1.1142866720464075,5.0
PO7,4,0.671880099789856,5.0
PO3,4,0.6079518854769854,5.0
O1,4,0.7292772007586283,5.0
Pz,4,1.0120669158089315,5.0
POz,4,1.4315275162759338,5.0
Oz,4,0.9094463227759548,5.0
Iz,4,0.6704415298001462,5.0
O2,5,1.0365341793332288,6.0
PO4,5,1.0619860057209332,6.0
PO8,5,0.3473530747598225,6.0
P8,5,0.6427923668043666,6.0
P4,5,0.058155439107550756,6.0
P6,5,0.6994018667132952,6.0
P2,5,4.112655277853092,6.0
P1,5,2.1009624310166597,6.0
P3,5,1.40518501153502,6.0
P5,5,0.896589659764672,6.0
P7,5,0.8084347694253531,6.0
PO7,5,0.9902329706867958,6.0
PO3,5,0.7520432487062885,6.0
O1,5,1.2858082261951855,6.0
Pz,5,1.6431366092479154,6.0
POz,5,1.064028257593124,6.0
Oz,5,0.8601965286879031,6.0
Iz,5,0.42060177228503537,6.0
O2,6,1.0261079076835051,7.0
PO4,6,1.1744255029271204,7.0
PO8,6,1.3076758746250061,7.0
P8,6,1.5030963768321008,7.0
P4,6,0.030659016100818264,7.0
P6,6,1.4165854901648434,7.0
P2,6,0.6627883954517803,7.0
P1,6,1.501121868220945,7.0
P3,6,1.4442523218924452,7.0
P5,6,1.6767769587495311,7.0
P7,6,1.3608295247656428,7.0
PO7,6,0.9588195448990098,7.0
PO3,6,1.63579032724626,7.0
O1,6,1.2402324273865093,7.0
Pz,6,0.9189765097855317,7.0
POz,6,0.7396609277459811,7.0
Oz,6,0.587182591005119,7.0
Iz,6,1.4795495373088758,7.0
O2,7,1.1998374185887861,8.0
PO4,7,1.0020846874173794,8.0
PO8,7,2.0367788205238826,8.0
P8,7,1.0442034668771498,8.0
P4,7,12.179949979541128,8.0
P6,7,0.9442983087899907,8.0
P2,7,0.03399517323724234,8.0
P1,7,0.2491191205066535,8.0
P3,7,0.5266561107760449,8.0
P5,7,1.0564339122462516,8.0
P7,7,1.2238443387029645,8.0
PO7,7,1.4625321415571646,8.0
PO3,7,1.1578434012470507,8.0
O1,7,0.8112062658508373,8.0
Pz,7,0.7300695296548835,8.0
POz,7,1.3741231033502463,8.0
Oz,7,2.357610693381073,8.0
Iz,7,1.2063320220246998,8.0
O2,8,0.824752568979737,9.0
PO4,8,0.7417473572793134,9.0
PO8,8,0.36533998832939935,9.0
P8,8,0.8697532027616682,9.0
P4,8,0.1265486730386874,9.0
P6,8,1.2715250485726295,9.0
P2,8,1.0580848316638076,9.0
P1,8,0.7219379976126286,9.0
P3,8,0.4684136326547707,9.0
P5,8,0.36028143616399727,9.0
P7,8,0.8095399505918436,9.0
PO7,8,1.0298570622175667,9.0
PO3,8,0.612061108197784,9.0
O1,8,1.208196052687422,9.0
Pz,8,1.371971275882531,9.0
POz,8,0.9896803967415442,9.0
Oz,8,0.6594168675822096,9.0
Iz,8,1.1851275724649282,9.0
O2,9,0.05976165806827397,10.0
PO4,9,0.06541632428589976,10.0
PO8,9,0.2695044058500127,10.0
P8,9,0.3535606730682597,10.0
P4,9,1.041886765969509,10.0
P6,9,0.269083124048986,10.0
P2,9,0.5886213476500276,10.0
P1,9,0.5255128687929662,10.0
P3,9,0.3315043994712887,10.0
P5,9,0.4748710502714505,10.0
P7,9,0.1150761938027859,10.0
PO7,9,0.017017418003273364,10.0
PO3,9,0.22481234345953763,10.0
O1,9,0.15879176941770343,10.0
Pz,9,0.5624414941319991,10.0
POz,9,0.4694062176544396,10.0
Oz,9,0.4703419676930118,10.0
Iz,9,0.22953121457158057,10.0
O2,10,1.2049318667727287,11.0
PO4,10,2.4176211044340357,11.0
PO8,10,3.1549124096322227,11.0
P8,10,2.6205850428916344,11.0
P4,10,1.67478314288474,11.0
P6,10,1.4503485967281573,11.0
P2,10,1.6681973392806377,11.0
P1,10,2.5296930712617463,11.0
P3,10,1.7582813940439712,11.0
P5,10,1.9921776881340838,11.0
P7,10,3.790289707004201,11.0
PO7,10,17.475300209944578,11.0
PO3,10,2.191335040623242,11.0
O1,10,1.3987445336480506,11.0
Pz,10,0.7005575480136994,11.0
POz,10,0.19378009990196385,11.0
Oz,10,0.20569287099993985,11.0
Iz,10,0.5055333019794814,11.0
O2,11,2.6845085921204745,12.0
PO4,11,1.3230001416432977,12.0
PO8,11,0.9239669541686669,12.0
P8,11,0.9572972568623774,12.0
P4,11,1.0880086228705554,12.0
P6,11,2.0280087984810566,12.0
P2,11,1.4420380212775916,12.0
P1,11,0.8989282351588731,12.0
P3,11,1.8293386804868794,12.0
P5,11,1.2034723700044716,12.0
P7,11,0.6343192655283953,12.0
PO7,11,0.09210512790669471,12.0
PO3,11,1.1068837221761978,12.0
O1,11,2.1354678669504046,12.0
Pz,11,2.1602446898628984,12.0
POz,11,4.585117238935495,12.0
Oz,11,0.5899323001044906,12.0
Iz,11,3.0063430458281046,12.0
O2,12,0.20812160534194035,13.0
PO4,12,0.38142758422515494,13.0
PO8,12,0.0412229303388874,13.0
P8,12,0.0009080246061108925,13.0
P4,12,0.5426427246000646,13.0
P6,12,0.11664809387028738,13.0
P2,12,0.37487123662739785,13.0
P1,12,0.3067488508812215,13.0
P3,12,0.08349456743689923,13.0
P5,12,0.297745430438556,13.0
P7,12,0.4058392435559581,13.0
PO7,12,4.9694609497575,13.0
PO3,12,0.6499337173546615,13.0
O1,12,0.2662324014516609,13.0
Pz,12,0.758475497924763,13.0
POz,12,0.5456982648091271,13.0
Oz,12,2.3552453786990237,13.0
Iz,12,0.667185776608926,13.0
O2,13,0.22118114943119194,14.0
PO4,13,0.4006340372872124,14.0
PO8,13,0.3443184469335736,14.0
P8,13,0.581414676123804,14.0
P4,13,0.1027219133258262,14.0
P6,13,0.20771666059244528,14.0
P2,13,0.5476181217679811,14.0
P1,13,0.15397703219366682,14.0
P3,13,0.19820961886745764,14.0
P5,13,0.9382682950637079,14.0
P7,13,1.4433906047554104,14.0
PO7,13,0.40464269089166305,14.0
PO3,13,0.7183084289185873,14.0
O1,13,0.05457507621448396,14.0
Pz,13,0.687097336730165,14.0
POz,13,1.0950085827691731,14.0
Oz,13,0.7700995499229801,14.0
Iz,13,0.14071192916435246,14.0
O2,14,0.9320390086651117,15.0
PO4,14,4.6796235388341785,15.0
PO8,14,4.851982944581958,15.0
P8,14,0.3138049698146016,15.0
P4,14,2.5009340233591613,15.0
P6,14,0.5178091162326794,15.0
P2,14,1.846083123673767,15.0
P1,14,2.403740205853864,15.0
P3,14,3.1880915309511413,15.0
P5,14,2.426493906354598,15.0
P7,14,1.2239731580816942,15.0
PO7,14,0.07472048989318138,15.0
PO3,14,0.7265449728164592,15.0
O1,14,9.099189715748434,15.0
Pz,14,0.600567786146906,15.0
POz,14,0.056958231931966787,15.0
Oz,14,0.8858171321137492,15.0
Iz,14,2.762021083821031,15.0
O2,15,0.20611903291991907,16.0
PO4,15,0.052002456571329764,16.0
PO8,15,0.0837117946809188,16.0
P8,15,0.5927151206569921,16.0
P4,15,0.7967179396083126,16.0
P6,15,0.3461301380113186,16.0
P2,15,0.8862013551825388,16.0
P1,15,1.073477630447993,16.0
P3,15,0.9055708846161192,16.0
P5,15,0.3003976480564156,16.0
P7,15,0.09853545727788673,16.0
PO7,15,1.2589833115369988,16.0
PO3,15,0.3358674828278181,16.0
O1,15,0.19582302285533654,16.0
Pz,15,0.3256265230340899,16.0
POz,15,1.4667656296578209,16.0
Oz,15,1.5068290651080956,16.0
Iz,15,0.3979573633321228,16.0
O2,16,6.17899774341535,17.0
PO4,16,3.4176067469755793,17.0
PO8,16,5.288193249461128,17.0
P8,16,4.611385046245965,17.0
P4,16,1.441847068132641,17.0
P6,16,3.520707774086617,17.0
P2,16,0.5227938376529696,17.0
P1,16,0.8997317158041459,17.0
P3,16,0.42300373997635277,17.0
P5,16,1.7689827003758427,17.0
P7,16,3.683230287926693,17.0
PO7,16,1.6665976205152078,17.0
PO3,16,2.5715601537344726,17.0
O1,16,3.9454419626431934,17.0
Pz,16,7.373081604575833,17.0
POz,16,1.472136315496973,17.0
Oz,16,0.282029556566412,17.0
Iz,16,2.930022169723769,17.0
O2,17,0.3959911429280046,18.0
PO4,17,0.9440262675059905,18.0
PO8,17,0.5342995184466434,18.0
P8,17,0.23672160685903382,18.0
P4,17,0.6777445197316087,18.0
P6,17,0.7520108602282053,18.0
P2,17,1.507573470489864,18.0
P1,17,0.04921045846428957,18.0
P3,17,0.09782213826128047,18.0
P5,17,0.8893616431039797,18.0
P7,17,0.8545957017941946,18.0
PO7,17,1.017841013482155,18.0
PO3,17,0.7906701966614842,18.0
O1,17,0.44689080113077,18.0
Pz,17,0.10933019119967187,18.0
POz,17,0.6163084913448049,18.0
Oz,17,0.857638466894061,18.0
Iz,17,0.33336473783998194,18.0
O2,18,0.2397779677001246,19.0
PO4,18,0.25209491578446924,19.0
PO8,18,0.961645997729024,19.0
P8,18,0.3169405931886224,19.0
P4,18,0.49316372972989214,19.0
P6,18,0.09217481532510924,19.0
P2,18,0.32117407230879874,19.0
P1,18,0.09629889548273154,19.0
P3,18,0.256296959387922,19.0
P5,18,0.03398586596355063,19.0
P7,18,0.2140146893789548,19.0
PO7,18,0.18343227641653,19.0
PO3,18,0.6846286338008886,19.0
O1,18,0.4932888243352265,19.0
Pz,18,1.005895466244372,19.0
POz,18,2.0239139140298645,19.0
Oz,18,0.3717410104325336,19.0
Iz,18,1.53184128864609,19.0
O2,19,1.5009959718591186,20.0
PO4,19,5.112377227311774,20.0
PO8,19,0.5629865593349995,20.0
P8,19,0.5625769752821852,20.0
P4,19,3.2185407076122696,20.0
P6,19,1.1209063401985924,20.0
P2,19,3.0588261210253833,20.0
P1,19,3.800828288558897,20.0
P3,19,0.9354112132527839,20.0
P5,19,0.41360584396276884,20.0
P7,19,0.7352453346055529,20.0
PO7,19,0.5608577519200978,20.0
PO3,19,0.5478894137953128,20.0
O1,19,0.7069053728876983,20.0
Pz,19,1.1672405195776232,20.0
POz,19,0.2629122153193388,20.0
Oz,19,2.806741631590756,20.0
Iz,19,1.0557889448876638,20.0
O2,20,1.60836215679838,21.0
PO4,20,0.31777715568955955,21.0
PO8,20,3.247322858759169,21.0
P8,20,2.4825298901461155,21.0
P4,20,0.4909593722826334,21.0
P6,20,1.383034930705989,21.0
P2,20,0.5633522710106721,21.0
P1,20,0.903809010372005,21.0
P3,20,2.645841007975415,21.0
P5,20,3.7094425632781975,21.0
P7,20,2.155877802769893,21.0
PO7,20,2.5995509607252485,21.0
PO3,20,2.765749666767338,21.0
O1,20,3.6166870344648276,21.0
Pz,20,1.718630229829566,21.0
POz,20,3.219586579294622,21.0
Oz,20,0.6137041445680074,21.0
Iz,20,0.7440312196926445,21.0
O2,21,0.7500537622043291,22.0
PO4,21,0.24025254456285744,22.0
PO8,21,0.1802997357557077,22.0
P8,21,0.8553214220769866,22.0
P4,21,0.023403611039130606,22.0
P6,21,1.671878800629306,22.0
P2,21,0.3487261515154952,22.0
P1,21,0.14845916621198235,22.0
P3,21,0.5008936891460825,22.0
P5,21,0.6510199364383871,22.0
P7,21,0.8360826849572554,22.0
PO7,21,0.8348009406437628,22.0
PO3,21,0.5806513484263992,22.0
O1,21,0.18839530152313883,22.0
Pz,21,0.37493084783977215,22.0
POz,21,0.6003493644807987,22.0
Oz,21,1.0132783882922103,22.0
Iz,21,2.2464386168603565,22.0
O2,22,0.0057882022616646215,23.0
PO4,22,2.14801259373667,23.0
PO8,22,0.45769276705317746,23.0
P8,22,0.5314556315663527,23.0
P4,22,0.021885354458079067,23.0
P6,22,0.005276364419035408,23.0
P2,22,4.253235323153192,23.0
P1,22,1.9981684180494024,23.0
P3,22,0.1248342896512875,23.0
P5,22,0.07364664672931216,23.0
P7,22,0.8392691637711792,23.0
PO7,22,0.3553340082777079,23.0
PO3,22,0.9589404566508364,23.0
O1,22,4.175645266781377,23.0
Pz,22,1.927575120503132,23.0
POz,22,0.576248490014428,23.0
Oz,22,2.172774101950575,23.0
Iz,22,0.37076211204744386,23.0
O2,23,1.7278588927450387,24.0
PO4,23,0.8401641419519128,24.0
PO8,23,1.976220868872238,24.0
P8,23,0.3420696307372826,24.0
P4,23,1.1818490739911904,24.0
P6,23,1.0419147687766386,24.0
P2,23,0.4622000380928668,24.0
P1,23,1.0792590430210276,24.0
P3,23,1.9335613901884094,24.0
P5,23,2.2867274363668164,24.0
P7,23,0.7374180798972804,24.0
PO7,23,1.7367140646943606,24.0
PO3,23,1.2799886377714358,24.0
O1,23,0.3459000929242199,24.0
Pz,23,0.7358572804841246,24.0
POz,23,2.866478739919962,24.0
Oz,23,0.059434372994766324,24.0
Iz,23,0.33949704626357424,24.0
O2,24,0.5113649634367056,25.0
PO4,24,0.9395576167800785,25.0
PO8,24,0.19824497067018235,25.0
P8,24,0.49900427060962815,25.0
P4,24,1.7616133411438715,25.0
P6,24,1.358994063262929,25.0
P2,24,0.4464926249751423,25.0
P1,24,0.931918236765047,25.0
P3,24,1.361248189864915,25.0
P5,24,1.3378901489219284,25.0
P7,24,0.1507490951908577,25.0
PO7,24,1.164072955759958,25.0
PO3,24,0.5475049667047146,25.0
O1,24,1.5943659379210078,25.0
Pz,24,0.004628495948110728,25.0
POz,24,0.17897105896280494,25.0
Oz,24,7.115710329187317,25.0
Iz,24,0.8359408237745124,25.0
O2,25,0.8771099779628452,26.0
PO4,25,2.007485062843822,26.0
PO8,25,6.492869798615323,26.0
P8,25,3.305710400988721,26.0
P4,25,1.0514858232940847,26.0
P6,25,1.6938244817331762,26.0
P2,25,0.46076173233983525,26.0
P1,25,0.3996538562526526,26.0
P3,25,0.42031896870067503,26.0
P5,25,0.2306181058896754,26.0
P7,25,0.1823111240963863,26.0
PO7,25,0.06359587706883689,26.0
PO3,25,0.1910000601383825,26.0
O1,25,0.27472077845587733,26.0
Pz,25,0.3550757355654858,26.0
POz,25,0.19691517243256593,26.0
Oz,25,0.09367522568027799,26.0
Iz,25,1.961735614981739,26.0
O2,26,0.962978102367065,27.0
PO4,26,0.14371607217246826,27.0
PO8,26,0.35012789855983273,27.0
P8,26,0.3279773000373204,27.0
P4,26,0.03413685218237863,27.0
P6,26,0.17976180164512665,27.0
P2,26,0.9194840099290873,27.0
P1,26,0.9533253399604162,27.0
P3,26,1.2055848164612613,27.0
P5,26,1.374228889710806,27.0
P7,26,2.647847231525295,27.0
PO7,26,3.025919682488986,27.0
PO3,26,2.228484901297864,27.0
O1,26,1.4893722901426392,27.0
Pz,26,1.5688937546237316,27.0
POz,26,3.3184982315303633,27.0
Oz,26,0.7854539884690028,27.0
Iz,26,0.29550086853197666,27.0
O2,27,1.9528838812770677,28.0
PO4,27,2.279487851168791,28.0
PO8,27,0.6002371740070028,28.0
P8,27,2.8065534979812683,28.0
P4,27,0.5583161001144323,28.0
P6,27,1.5890880706992767,28.0
P2,27,1.5240135848581802,28.0
P1,27,1.2476852252284063,28.0
P3,27,0.9209544921178338,28.0
P5,27,0.6835091307851265,28.0
P7,27,1.005392196152064,28.0
PO7,27,0.9611456591361325,28.0
PO3,27,1.130979960145509,28.0
O1,27,0.6310354198082192,28.0
Pz,27,0.8843338225451484,28.0
POz,27,0.9745121921318091,28.0
Oz,27,3.669032893476153,28.0
Iz,27,4.537653202686742,28.0
O2,28,0.6770589701377202,29.0
PO4,28,0.979185872065647,29.0
PO8,28,1.1043279683286928,29.0
P8,28,0.4346910876504705,29.0
P4,28,1.1665079599028731,29.0
P6,28,0.5430040548702003,29.0
P2,28,1.0857783685113633,29.0
P1,28,0.9633210338326174,29.0
P3,28,1.2995462589263487,29.0
P5,28,1.032937693017662,29.0
P7,28,0.4148210082866565,29.0
PO7,28,0.21827463388445803,29.0
PO3,28,0.7205775176121325,29.0
O1,28,1.8609045257880505,29.0
Pz,28,1.912138955696681,29.0
POz,28,0.10942973256759002,29.0
Oz,28,0.25922374375167245,29.0
Iz,28,0.2989143508507896,29.0
O2,29,0.604194572066328,30.0
PO4,29,0.9855151203070874,30.0
PO8,29,1.9297909092291996,30.0
P8,29,0.823495050931457,30.0
P4,29,1.419794348512573,30.0
P6,29,1.1282947626454796,30.0
P2,29,0.7648665765995611,30.0
P1,29,1.0080316027652332,30.0
P3,29,1.0048410015470997,30.0
P5,29,1.2665856860281606,30.0
P7,29,2.46000106002761,30.0
PO7,29,1.78022187706997,30.0
PO3,29,1.3582302147215335,30.0
O1,29,0.8851553776022636,30.0
Pz,29,0.5996181461089705,30.0
POz,29,0.2278504422417253,30.0
Oz,29,1.0936322722946255,30.0
Iz,29,2.0091180170205374,30.0
O2,30,0.9348135334442684,31.0
PO4,30,0.26364166022021174,31.0
PO8,30,0.12383951198765783,31.0
P8,30,2.8198137872092794,31.0
P4,30,1.2069777979879657,31.0
P6,30,1.5562906289860035,31.0
P2,30,1.4985826182661948,31.0
P1,30,1.805541787006149,31.0
P3,30,0.9294377287594299,31.0
P5,30,1.0318050472685885,31.0
P7,30,0.6875164107993201,31.0
PO7,30,1.7451634013887642,31.0
PO3,30,0.19830637141128576,31.0
O1,30,1.1947836488271533,31.0
Pz,30,0.08237841675703751,31.0
POz,30,9.561475538136115,31.0
Oz,30,0.24673551771002236,31.0
Iz,30,0.5434267159891776,31.0
O2,31,0.12354083490300061,32.0
PO4,31,5.957398599745711,32.0
PO8,31,0.5087206051868922,32.0
P8,31,0.26143577441840216,32.0
P4,31,0.4879067981328343,32.0
P6,31,1.062161641104379,32.0
P2,31,0.3351885724065008,32.0
P1,31,0.3087492386753321,32.0
P3,31,1.147575052309792,32.0
P5,31,0.6641673579741572,32.0
P7,31,1.2506052276767947,32.0
PO7,31,0.14554000644186071,32.0
PO3,31,7.408622180473315,32.0
O1,31,0.1824330146969881,32.0
Pz,31,1.6226555650146555,32.0
POz,31,0.1125836800305823,32.0
Oz,31,0.6139461691995565,32.0
Iz,31,0.5820851922277844,32.0
O2,32,0.7184926725024309,33.0
PO4,32,0.09015906193099103,33.0
PO8,32,2.522813682550683,33.0
P8,32,3.317408254633827,33.0
P4,32,0.21203975354714824,33.0
P6,32,0.177475349430274,33.0
P2,32,0.48306161055949065,33.0
P1,32,1.1496944018505209,33.0
P3,32,0.3710488831610659,33.0
P5,32,1.4130589379382335,33.0
P7,32,0.03551594687191411,33.0
PO7,32,1.1124881193055969,33.0
PO3,32,0.05261863301602226,33.0
O1,32,1.1690979801420094,33.0
Pz,32,1.2947054592761165,33.0
POz,32,5.054829143182375,33.0
Oz,32,0.8794697312707134,33.0
Iz,32,1.946683661527807,33.0
O2,33,1.4091670530131146,34.0
PO4,33,3.264802759244989,34.0
PO8,33,0.8712228425519655,34.0
P8,33,0.34550526621293093,34.0
P4,33,0.2784593828086015,34.0
P6,33,1.032221901606952,34.0
P2,33,2.9578068138152385,34.0
P1,33,0.8532724076486403,34.0
P3,33,3.40861394740783,34.0
P5,33,1.540078648406943,34.0
P7,33,0.3009238887495633,34.0
PO7,33,1.8673340358120862,34.0
PO3,33,1.6266088121212106,34.0
O1,33,1.3811264874895703,34.0
Pz,33,0.3824211486060596,34.0
POz,33,0.3476718712710066,34.0
Oz,33,1.9747508233663842,34.0
Iz,33,1.0277807582304612,34.0
O2,34,1.458800980726143,35.0
PO4,34,0.6408282512971702,35.0
PO8,34,0.5999109177057892,35.0
P8,34,1.3353449728904427,35.0
P4,34,0.5225438655428765,35.0
P6,34,2.7346997902644565,35.0
P2,34,0.4703947718398935,35.0
P1,34,1.5223260602305573,35.0
P3,34,0.2235611077734303,35.0
P5,34,0.1829784642054325,35.0
P7,34,1.8566487234022804,35.0
PO7,34,0.5303083086177726,35.0
PO3,34,1.4293401146123497,35.0
O1,34,1.0843381278438535,35.0
Pz,34,1.669136580804717,35.0
POz,34,0.22712699413136878,35.0
Oz,34,0.9664622595143261,35.0
Iz,34,0.8409197823276193,35.0
O2,35,0.5906793854106486,36.0
PO4,35,0.6501512183843087,36.0
PO8,35,0.5076837886136155,36.0
P8,35,0.025797007391606633,36.0
P4,35,0.1134154698791787,36.0
P6,35,0.0991472674701806,36.0
P2,35,0.4977484637208546,36.0
P1,35,0.5995454285894024,36.0
P3,35,0.6457511349349397,36.0
P5,35,2.0806617314132563,36.0
P7,35,1.5305815809216126,36.0
PO7,35,2.7019014075977617,36.0
PO3,35,0.5296471752075383,36.0
O1,35,0.9565949493997112,36.0
Pz,35,1.8448749241375675,36.0
POz,35,8.327095950066093,36.0
Oz,35,0.05039980416869053,36.0
Iz,35,0.3174197198812774,36.0
O2,36,0.924377639298172,37.0
PO4,36,2.5314143074149795,37.0
PO8,36,2.3172356925851108,37.0
P8,36,1.8603035918364754,37.0
P4,36,4.783915526580929,37.0
P6,36,1.8597496396023654,37.0
P2,36,1.575643732624633,37.0
P1,36,1.0336559645345635,37.0
P3,36,1.9930768106026484,37.0
P5,36,0.5328190093815414,37.0
P7,36,0.3109594403403039,37.0
PO7,36,0.13641970580681098,37.0
PO3,36,1.814213399560631,37.0
O1,36,0.8168495208377458,37.0
Pz,36,0.0035402410012663056,37.0
POz,36,0.2280900513579364,37.0
Oz,36,2.2193738699283068,37.0
Iz,36,1.3289966939696154,37.0
O2,37,0.8624392539217894,38.0
PO4,37,0.3579419846618416,38.0
PO8,37,0.6319460996907063,38.0
P8,37,1.7862269801605202,38.0
P4,37,0.4428017488780901,38.0
P6,37,1.3327111795920858,38.0
P2,37,1.2030181078228164,38.0
P1,37,1.6043861486385569,38.0
P3,37,0.9582550077423414,38.0
P5,37,0.8378424971600119,38.0
P7,37,1.7995815003908278,38.0
PO7,37,4.204671796071914,38.0
PO3,37,1.0469636178300956,38.0
O1,37,0.021018092638760057,38.0
Pz,37,2.056021758900293,38.0
POz,37,0.24618520277273728,38.0
Oz,37,1.2045619534094834,38.0
Iz,37,2.283912513901058,38.0
O2,38,1.5979877310338613,39.0
PO4,38,1.2508139065822155,39.0
PO8,38,0.6173558879633634,39.0
P8,38,0.2838454814681487,39.0
P4,38,1.6807046227288323,39.0
P6,38,0.4907300344467251,39.0
P2,38,0.8705119066428383,39.0
P1,38,0.2852735323583861,39.0
P3,38,0.4589575966847135,39.0
P5,38,1.623849489137206,39.0
P7,38,0.6950744524067973,39.0
PO7,38,0.10882481784951557,39.0
PO3,38,0.25806189142263186,39.0
O1,38,1.7457730331727186,39.0
Pz,38,1.5476177057552483,39.0
POz,38,1.3957411428967958,39.0
Oz,38,0.20725205687449996,39.0
Iz,38,0.0331576686193228,39.0
O2,39,0.9004491995788926,40.0
PO4,39,2.1352501727873143,40.0
PO8,39,3.8404933210986294,40.0
P8,39,1.9710568912446533,40.0
P4,39,1.1994359222163904,40.0
P6,39,2.709077569122989,40.0
P2,39,1.0516508832144935,40.0
P1,39,0.21153271864102277,40.0
P3,39,0.8857746171632295,40.0
P5,39,1.1138987282405561,40.0
P7,39,2.150268077529604,40.0
PO7,39,5.133464948223328,40.0
PO3,39,2.969370372366014,40.0
O1,39,1.3489532045630546,40.0
Pz,39,0.19366060596487122,40.0
POz,39,0.8704935354184978,40.0
Oz,39,13.941164327878392,40.0
Iz,39,5.84668079209697,40.0
O2,40,0.37101392176872106,41.0
PO4,40,0.22431535816880557,41.0
PO8,40,0.14667564955121998,41.0
P8,40,0.09306590196923234,41.0
P4,40,0.06771362969752798,41.0
P6,40,0.37279957195773905,41.0
P2,40,0.22629728486241282,41.0
P1,40,3.2210865269383784,41.0
P3,40,1.4079477111659344,41.0
P5,40,0.3277440243905803,41.0
P7,40,0.17137621305118406,41.0
PO7,40,0.4137177190888089,41.0
PO3,40,0.31499001393584636,41.0
O1,40,0.9356809809958772,41.0
Pz,40,1.5334506974229518,41.0
POz,40,0.43850002645455144,41.0
Oz,40,0.013016248026355858,41.0
Iz,40,0.599281836455586,41.0
O2,41,2.0552873011089066,42.0
PO4,41,0.4798764508876089,42.0
PO8,41,1.3158091012331758,42.0
P8,41,3.8545850397198675,42.0
P4,41,1.1377957721163618,42.0
P6,41,0.724817211141677,42.0
P2,41,5.208323288387156,42.0
P1,41,0.6615886210849118,42.0
P3,41,1.3665326072055435,42.0
P5,41,2.1089358833216627,42.0
P7,41,3.597154885980946,42.0
PO7,41,1.2125096066661634,42.0
PO3,41,0.6032568241973111,42.0
O1,41,0.6698612359091582,42.0
Pz,41,1.6283804203145726,42.0
POz,41,1.5376963497477079,42.0
Oz,41,26.299753147388245,42.0
Iz,41,0.26651021433071903,42.0
O2,42,1.078475126190372,43.0
PO4,42,1.8926995797574586,43.0
PO8,42,2.0285765102232802,43.0
P8,42,0.8649013321818441,43.0
P4,42,0.9938272442991436,43.0
P6,42,0.5537329421074796,43.0
P2,42,0.043844749155602804,43.0
P1,42,0.6455924015332636,43.0
P3,42,0.41795738719367187,43.0
P5,42,0.7815542702613056,43.0
P7,42,0.36987532566564635,43.0
PO7,42,0.7471958415968735,43.0
PO3,42,1.9901715652355216,43.0
O1,42,1.3690348257272624,43.0
Pz,42,0.4890825222198526,43.0
POz,42,1.0132869380617948,43.0
Oz,42,0.10600512959647282,43.0
Iz,42,0.31511902360175,43.0
O2,43,0.3889121176848162,44.0
PO4,43,1.1490518611191192,44.0
PO8,43,0.30567248015016396,44.0
P8,43,0.16764032414481606,44.0
P4,43,1.2458127242687793,44.0
P6,43,1.8910415766596778,44.0
P2,43,0.8547134771244416,44.0
P1,43,1.1305044921409864,44.0
P3,43,1.4485440379570498,44.0
P5,43,0.9483296385751883,44.0
P7,43,4.20511792258564,44.0
PO7,43,1.0587797236477254,44.0
PO3,43,1.118299888907091,44.0
O1,43,0.0694985662007334,44.0
Pz,43,1.6896883210067917,44.0
POz,43,1.9845896086929171,44.0
Oz,43,0.7612686504031896,44.0
Iz,43,0.5746525894459967,44.0
O2,44,0.2468569627666031,45.0
PO4,44,0.4926120358047557,45.0
PO8,44,2.355930146800211,45.0
P8,44,0.6990632078092498,45.0
P4,44,1.0384240577370023,45.0
P6,44,1.3472709078818461,45.0
P2,44,1.7926151677033901,45.0
P1,44,1.3535256637286126,45.0
P3,44,1.3617214253941798,45.0
P5,44,1.7951772505114854,45.0
P7,44,0.051940586620484605,45.0
PO7,44,2.2330811159668347,45.0
PO3,44,0.287092593457154,45.0
O1,44,3.21916799430755,45.0
Pz,44,0.7923758066604611,45.0
POz,44,0.032466100470586304,45.0
Oz,44,0.8913921583722485,45.0
Iz,44,3.1777358256149495,45.0
O2,45,3.7205568397927964,46.0
PO4,45,2.2464157467004333,46.0
PO8,45,0.4416000259947634,46.0
P8,45,3.3878384274413147,46.0
P4,45,1.1161914502313164,46.0
P6,45,0.1309112445457565,46.0
P2,45,1.1081079517515144,46.0
P1,45,1.1059699672848013,46.0
P3,45,0.36200770925781484,46.0
P5,45,0.4448303024274128,46.0
P7,45,1.0988494164428424,46.0
PO7,45,0.24398384003972248,46.0
PO3,45,5.9917886134990095,46.0
O1,45,1.013955010200569,46.0
Pz,45,0.15432456655007257,46.0
POz,45,31.33736620136871,46.0
Oz,45,2.6490653052190094,46.0
Iz,45,0.5657366482261295,46.0
O2,46,0.6950223661969885,47.0
PO4,46,0.46195425588869454,47.0
PO8,46,0.765652627929182,47.0
P8,46,0.4210977521918209,47.0
P4,46,0.6408368278583495,47.0
P6,46,2.3113520553225353,47.0
P2,46,0.42264353106993147,47.0
P1,46,0.3879935141997793,47.0
P3,46,0.07016021406234506,47.0
P5,46,0.15431293317372266,47.0
P7,46,0.19367746718208773,47.0
PO7,46,0.5322193107514002,47.0
PO3,46,0.08117602147120676,47.0
O1,46,0.3793930895158747,47.0
Pz,46,0.24974736526657212,47.0
POz,46,0.006964470937165674,47.0
Oz,46,0.29452759357757047,47.0
Iz,46,0.6154469006672438,47.0
O2,47,0.3710557500192761,48.0
PO4,47,0.4993321144192597,48.0
PO8,47,0.2926287191567626,48.0
P8,47,0.278761857459112,48.0
P4,47,0.6061398075163328,48.0
P6,47,1.0687306252369635,48.0
P2,47,0.19834682030567083,48.0
P1,47,1.7296838808310147,48.0
P3,47,0.2443837208980976,48.0
P5,47,2.993909952362981,48.0
P7,47,3.328308309759206,48.0
PO7,47,0.46830890638190364,48.0
PO3,47,0.9014213807977818,48.0
O1,47,0.2565590659227086,48.0
Pz,47,0.3779658311220079,48.0
POz,47,7.015356495812181,48.0
Oz,47,1.4637871948926242,48.0
Iz,47,0.9244455883689359,48.0
O2,48,2.567082843883467,49.0
PO4,48,1.9424380580151026,49.0
PO8,48,1.382199999667442,49.0
P8,48,0.1567577630506665,49.0
P4,48,4.365620767536865,49.0
P6,48,0.5588443281293362,49.0
P2,48,7.153120226912506,49.0
P1,48,1.1491924412183885,49.0
P3,48,4.637076135620163,49.0
P5,48,0.669429906276607,49.0
P7,48,0.9402832271105013,49.0
PO7,48,3.565960940178502,49.0
PO3,48,2.372074136361899,49.0
O1,48,3.5584226975583606,49.0
Pz,48,5.295950450659129,49.0
POz,48,0.36246812050912,49.0
Oz,48,0.9717019949652227,49.0
Iz,48,0.8396709106166906,49.0
O2,49,0.4847033470587339,50.0
PO4,49,1.0653992481991292,50.0
PO8,49,2.0589473835448393,50.0
P8,49,0.37780777251538805,50.0
P4,49,0.050303167993586854,50.0
P6,49,1.499789191085502,50.0
P2,49,0.30163972898183283,50.0
P1,49,0.30548818457628835,50.0
P3,49,0.4871466978032145,50.0
P5,49,2.186698324928962,50.0
P7,49,0.23223225994082902,50.0
PO7,49,0.42979850796207825,50.0
PO3,49,0.6993348422027407,50.0
O1,49,0.6917061729527466,50.0
Pz,49,0.34540095873706483,50.0
POz,49,0.8986672514755328,50.0
Oz,49,0.9528915050547113,50.0
Iz,49,1.4134581527339543,50.0
O2,50,3.0748218790164747,51.0
PO4,50,0.4189059524030342,51.0
PO8,50,0.34194694660659797,51.0
P8,50,1.7985327121640329,51.0
P4,50,5.392467033106991,51.0
P6,50,0.49356769217221563,51.0
P2,50,1.7799357915736906,51.0
P1,50,4.788154393419216,51.0
P3,50,1.344661246305365,51.0
P5,50,0.10324380712222997,51.0
P7,50,0.25805648170409246,51.0
PO7,50,0.6843574506282114,51.0
PO3,50,0.13839043270235482,51.0
O1,50,0.5880693946807242,51.0
Pz,50,0.2889863580477299,51.0
POz,50,2.2339376951049243,51.0
Oz,50,1.4515419238127802,51.0
Iz,50,1.149901045294128,51.0
O2,51,0.14430266350490162,52.0
PO4,51,0.655910822628755,52.0
PO8,51,0.6863056190794666,52.0
P8,51,1.019574445509536,52.0
P4,51,0.5120504053854174,52.0
P6,51,2.9584185635133404,52.0
P2,51,0.018693406374555,52.0
P1,51,0.30718976808538395,52.0
P3,51,0.5211665201320282,52.0
P5,51,0.5294145430889426,52.0
P7,51,0.5314125142171131,52.0
PO7,51,1.8850084914860827,52.0
PO3,51,0.14420783204623727,52.0
O1,51,1.0172748782457732,52.0
Pz,51,0.70258872850578,52.0
POz,51,0.230377134389595,52.0
Oz,51,0.11445699212149522,52.0
Iz,51,0.6768671214418758,52.0
O2,52,4.807813994218381,53.0
PO4,52,2.5763505333733137,53.0
PO8,52,0.9683675875274063,53.0
P8,52,1.0462537795703584,53.0
P4,52,1.155056372448656,53.0
P6,52,0.43249539809751025,53.0
P2,52,6.692716837719394,53.0
P1,52,1.621951247325941,53.0
P3,52,0.4606960588521156,53.0
P5,52,1.0298145012281381,53.0
P7,52,0.9193590528436724,53.0
PO7,52,0.7619903930121662,53.0
PO3,52,9.83496264319056,53.0
O1,52,1.6847521669708883,53.0
Pz,52,1.267785078511638,53.0
POz,52,0.6818686926575573,53.0
Oz,52,4.721499570665969,53.0
Iz,52,0.8108851572386869,53.0
O2,53,0.07193344007193349,54.0
PO4,53,0.5263032603340457,54.0
PO8,53,0.30926087215262005,54.0
P8,53,0.1866045992315688,54.0
P4,53,0.0682468002233156,54.0
P6,53,0.23195255995155828,54.0
P2,53,0.04101698499703718,54.0
P1,53,0.036530357008972746,54.0
P3,53,0.16961166211329398,54.0
P5,53,1.0009479156747985,54.0
P7,53,0.8598945661574334,54.0
PO7,53,0.17065397279171682,54.0
PO3,53,0.02330209577614246,54.0
O1,53,0.0970178699407348,54.0
Pz,53,0.2703297303364218,54.0
POz,53,0.4828172269024594,54.0
Oz,53,0.4191014921604347,54.0
Iz,53,0.5800503262900402,54.0
O2,54,1.5456172578556209,55.0
PO4,54,0.4033349632252124,55.0
PO8,54,1.3438501411889738,55.0
P8,54,0.9083366777976053,55.0
P4,54,2.8698426505502916,55.0
P6,54,0.9623879417177277,55.0
P2,54,1.1002919422938209,55.0
P1,54,0.9593520493330647,55.0
P3,54,1.252797685676651,55.0
P5,54,0.584327052457406,55.0
P7,54,0.7680950885028787,55.0
PO7,54,0.8381172592022166,55.0
PO3,54,1.0266496340684734,55.0
O1,54,0.6907597246261425,55.0
Pz,54,1.0353943404326422,55.0
POz,54,2.586071229013043,55.0
Oz,54,1.9096293107738127,55.0
Iz,54,0.32246024430449416,55.0
O2,55,1.7006646421086187,56.0
PO4,55,1.776809620901829,56.0
PO8,55,1.4888425608945646,56.0
P8,55,2.363626939338145,56.0
P4,55,1.2821500340938095,56.0
P6,55,2.6919527992922117,56.0
P2,55,2.598245344188965,56.0
P1,55,3.645358458144351,56.0
P3,55,2.085288164322382,56.0
P5,55,2.1924554348108383,56.0
P7,55,3.027959101207185,56.0
PO7,55,4.0175649302747685,56.0
PO3,55,3.1669008443067748,56.0
O1,55,4.130940480146984,56.0
Pz,55,2.917566814057765,56.0
POz,55,0.7031585325980347,56.0
Oz,55,0.3229308940384808,56.0
Iz,55,4.186676628930912,56.0
O2,56,0.7112629871427139,57.0
PO4,56,1.4737865313730372,57.0
PO8,56,0.8854506760128397,57.0
P8,56,0.6912791309258998,57.0
P4,56,0.09093001174483026,57.0
P6,56,0.44948470622391057,57.0
P2,56,0.41939420441704817,57.0
P1,56,0.12585274306770086,57.0
P3,56,0.5411496579031115,57.0
P5,56,1.0468526659206325,57.0
P7,56,0.3234409758826152,57.0
PO7,56,0.09935884521057246,57.0
PO3,56,0.21915215634133786,57.0
O1,56,0.2626780798191315,57.0
Pz,56,0.24377716240701622,57.0
POz,56,1.3299123587009625,57.0
Oz,56,4.399229280657905,57.0
Iz,56,0.465046053966383,57.0
O2,57,0.1911348525146263,58.0
PO4,57,0.2900116953419423,58.0
PO8,57,1.0460408085077086,58.0
P8,57,0.27415330170348756,58.0
P4,57,0.06427525632068709,58.0
P6,57,0.13395134602048522,58.0
P2,57,0.07395248718380315,58.0
P1,57,0.37711584566239736,58.0
P3,57,0.5626583507712427,58.0
P5,57,0.13000985796108,58.0
P7,57,0.6257306256657637,58.0
PO7,57,3.6120116847963666,58.0
PO3,57,0.5427294249410489,58.0
O1,57,0.057010922729133974,58.0
Pz,57,0.09823145670147328,58.0
POz,57,0.6304690387920274,58.0
Oz,57,0.3013849049744836,58.0
Iz,57,1.7040765095219732,58.0
O2,58,0.799065149225741,59.0
PO4,58,0.907697363428605,59.0
PO8,58,0.045906891640870466,59.0
P8,58,1.2473422589255516,59.0
P4,58,0.9422789492974856,59.0
P6,58,0.5256066360083129,59.0
P2,58,0.9046159831047413,59.0
P1,58,0.653262725164357,59.0
P3,58,0.3913805830691471,59.0
P5,58,0.6742151717196117,59.0
P7,58,0.6982500509722022,59.0
PO7,58,0.4071559043097732,59.0
PO3,58,0.8742812369426196,59.0
O1,58,0.3011840363378341,59.0
Pz,58,0.6035370691535505,59.0
POz,58,0.3453907604913636,59.0
Oz,58,1.4956098895888192,59.0
Iz,58,0.12827808790351156,59.0
O2,59,2.6958797801105603,60.0
PO4,59,3.2200013106769996,60.0
PO8,59,0.5525523544788187,60.0
P8,59,0.39338880701221646,60.0
P4,59,1.574490475840225,60.0
P6,59,2.8486924013017063,60.0
P2,59,3.653524302291331,60.0
P1,59,4.867147041578062,60.0
P3,59,4.159226063404862,60.0
P5,59,1.7419571062899184,60.0
P7,59,1.0415254056200278,60.0
PO7,59,2.677845095879035,60.0
PO3,59,2.879554463574257,60.0
O1,59,6.909289881368588,60.0
Pz,59,4.396689698949274,60.0
POz,59,4.118240318120508,60.0
Oz,59,0.9679999256616366,60.0
Iz,59,6.680380595451931,60.0
O2,60,0.3967417521022309,61.0
PO4,60,0.1171089275789359,61.0
PO8,60,3.183822678280604,61.0
P8,60,2.0586426414226526,61.0
P4,60,1.5508433600475562,61.0
P6,60,0.4639907193812313,61.0
P2,60,0.14415327998167876,61.0
P1,60,0.0669266939380581,61.0
P3,60,0.24634737735328965,61.0
P5,60,0.7249494000649052,61.0
P7,60,0.8797387382860358,61.0
PO7,60,0.10186813772170242,61.0
PO3,60,0.04325664043822769,61.0
O1,60,0.2609011236103092,61.0
Pz,60,0.27270868585030394,61.0
POz,60,0.2454220726597528,61.0
Oz,60,0.3984620889887698,61.0
Iz,60,0.3545501851968827,61.0
O2,61,2.075794130766434,62.0
PO4,61,2.038647819887702,62.0
PO8,61,0.6302396733830653,62.0
P8,61,1.1754749743051138,62.0
P4,61,0.03947952512785609,62.0
P6,61,1.3206336127761127,62.0
P2,61,1.6342125798368017,62.0
P1,61,1.9031867827964115,62.0
P3,61,0.46344205658528104,62.0
P5,61,1.3177448313742068,62.0
P7,61,1.5664725775030903,62.0
PO7,61,2.8122331990729617,62.0
PO3,61,1.493171733172124,62.0
O1,61,0.2763161569774889,62.0
Pz,61,0.5761922872089751,62.0
POz,61,0.5437054613156349,62.0
Oz,61,3.8917734902838848,62.0
Iz,61,0.34232566378733625,62.0
O2,62,0.6028908218238607,63.0
PO4,62,0.428330644564755,63.0
PO8,62,0.22304255674696596,63.0
P8,62,0.6527166373846116,63.0
P4,62,1.3025904139549833,63.0
P6,62,1.6256507210352427,63.0
P2,62,0.5068702750960029,63.0
P1,62,0.9907835270691517,63.0
P3,62,1.0195444663872868,63.0
P5,62,0.7376791617290249,63.0
P7,62,0.2297641354375211,63.0
PO7,62,0.9804795191153961,63.0
PO3,62,2.0672728954151007,63.0
O1,62,2.97138916471589,63.0
Pz,62,1.2816441015261828,63.0
POz,62,3.2377801004174893,63.0
Oz,62,0.3327023542227231,63.0
Iz,62,1.6815192163967627,63.0
O2,63,0.12079324844740014,64.0
PO4,63,1.0539238607201369,64.0
PO8,63,1.4999730087208702,64.0
P8,63,0.027042507700389653,64.0
P4,63,1.8251022163262856,64.0
P6,63,0.27604240016554027,64.0
P2,63,1.1310387162583762,64.0
P1,63,0.3857203780670645,64.0
P3,63,2.5022959521683648,64.0
P5,63,0.09064261229488549,64.0
P7,63,1.4548780081681856,64.0
PO7,63,0.6670322452241256,64.0
PO3,63,0.22655330210145147,64.0
O1,63,0.856668646444257,64.0
Pz,63,0.9262043777377916,64.0
POz,63,0.572725844629022,64.0
Oz,63,0.9482368577073158,64.0
Iz,63,0.9372311366575815,64.0
O2,64,5.176287169204981,65.0
PO4,64,2.053289915936609,65.0
PO8,64,1.9025386416500258,65.0
P8,64,3.953371590739007,65.0
P4,64,0.7052691197859298,65.0
P6,64,4.262542334642055,65.0
P2,64,0.35660597137515393,65.0
P1,64,1.5443155594375166,65.0
P3,64,0.20289477048652613,65.0
P5,64,2.12911160652754,65.0
P7,64,1.1274840309360679,65.0
PO7,64,0.18378115036010048,65.0
PO3,64,3.7034403538567098,65.0
O1,64,0.1577411380066128,65.0
Pz,64,0.6338121794179146,65.0
POz,64,0.43834594731333226,65.0
Oz,64,1.510533793043059,65.0
Iz,64,1.3068635960484734,65.0
O2,65,0.5771524478450714,66.0
PO4,65,0.5857738847974332,66.0
PO8,65,0.36856011377046155,66.0
P8,65,0.825295649858596,66.0
P4,65,0.25205560854304754,66.0
P6,65,0.21852681485652017,66.0
P2,65,3.1362694540727545,66.0
P1,65,1.644746575582176,66.0
P3,65,2.281858353411122,66.0
P5,65,0.630922450672409,66.0
P7,65,1.4390882848433686,66.0
PO7,65,1.504097187339686,66.0
PO3,65,0.10592648685547339,66.0
O1,65,0.15210304852958512,66.0
Pz,65,0.2301854302686294,66.0
POz,65,1.3626680721881856,66.0
Oz,65,1.3436678607748203,66.0
Iz,65,1.0475292623304708,66.0
O2,66,0.4079972008602087,67.0
PO4,66,0.4929395121938068,67.0
PO8,66,0.1730169037177608,67.0
P8,66,0.4992209772447769,67.0
P4,66,0.4883847081955192,67.0
P6,66,0.3202015900575631,67.0
P2,66,0.7305198415786804,67.0
P1,66,0.4187161335232866,67.0
P3,66,0.8639583956168608,67.0
P5,66,1.805395943486364,67.0
P7,66,0.3186177750949965,67.0
PO7,66,2.1689304851072264,67.0
PO3,66,7.329443322455739,67.0
O1,66,0.8519656935577002,67.0
Pz,66,5.198294228278349,67.0
POz,66,1.4266750297133133,67.0
Oz,66,0.12354978409338482,67.0
Iz,66,0.5352804298361068,67.0
O2,67,1.0775682956568182,68.0
PO4,67,0.5803018603507748,68.0
PO8,67,0.7856413550335053,68.0
P8,67,0.4660444116230333,68.0
P4,67,0.847022172494203,68.0
P6,67,1.1939141921144638,68.0
P2,67,0.4783090397698743,68.0
P1,67,1.2070372209482594,68.0
P3,67,0.8409019707163016,68.0
P5,67,0.5113692432888052,68.0
P7,67,1.0088765850088426,68.0
PO7,67,0.043556538772578146,68.0
PO3,67,0.34218596399141227,68.0
O1,67,1.2739623727690292,68.0
Pz,67,0.438086390901584,68.0
POz,67,0.592842877951158,68.0
Oz,67,4.172638356592094,68.0
Iz,67,0.6023724065375999,68.0
O2,68,2.1700947702648365,69.0
PO4,68,3.03254349110775,69.0
PO8,68,2.111540542440313,69.0
P8,68,1.2039305113293453,69.0
P4,68,1.9754639940147543,69.0
P6,68,1.0107446618573537,69.0
P2,68,0.41567077325933993,69.0
P1,68,0.4915420129497046,69.0
P3,68,1.155735386545201,69.0
P5,68,1.100984010172682,69.0
P7,68,1.498614356947471,69.0
PO7,68,3.698325002991876,69.0
PO3,68,0.7627812075923763,69.0
O1,68,0.8848726203443552,69.0
Pz,68,0.51054590107739,69.0
POz,68,0.1589223900290865,69.0
Oz,68,0.4624173453172647,69.0
Iz,68,0.8159831015945729,69.0
O2,69,0.12804382391383415,70.0
PO4,69,0.3288262848444617,70.0
PO8,69,0.35067138066470727,70.0
P8,69,2.0097559286513165,70.0
P4,69,0.9628551402786151,70.0
P6,69,1.0812763684595066,70.0
P2,69,0.971619401044975,70.0
P1,69,2.1182699480038387,70.0
P3,69,1.1209385875231905,70.0
P5,69,2.147483176676968,70.0
P7,69,1.2647595076934053,70.0
PO7,69,0.9610949623263255,70.0
PO3,69,0.3069880706467989,70.0
O1,69,1.0995886621169169,70.0
Pz,69,2.910388064502232,70.0
POz,69,0.9999123932393641,70.0
Oz,69,1.1225607096155965,70.0
Iz,69,0.5242671515958516,70.0
O2,70,1.6817599724160137,71.0
PO4,70,3.0946869708403257,71.0
PO8,70,1.767357233803653,71.0
P8,70,0.5274559878042681,71.0
P4,70,0.34658402729746124,71.0
P6,70,2.0562341622275793,71.0
P2,70,0.601290911560091,71.0
P1,70,0.7161979020207377,71.0
P3,70,1.2374323162290977,71.0
P5,70,0.3645706868763655,71.0
P7,70,0.23732024359543233,71.0
PO7,70,0.21439887852885198,71.0
PO3,70,3.9517136910861557,71.0
O1,70,1.5405472527502881,71.0
Pz,70,0.22014307231851804,71.0
POz,70,1.3003414044925246,71.0
Oz,70,0.08935353264479919,71.0
Iz,70,1.3121420544620597,71.0
O2,71,0.9765692856979785,72.0
PO4,71,0.5012116478749967,72.0
PO8,71,0.7094509262863556,72.0
P8,71,0.09617073753601527,72.0
P4,71,1.514577409981468,72.0
P6,71,0.07457375664670199,72.0
P2,71,4.9078023803252,72.0
P1,71,0.8500837919701142,72.0
P3,71,0.03303318436304756,72.0
P5,71,0.9862297998938326,72.0
P7,71,3.9910344642932105,72.0
PO7,71,0.22560542920815227,72.0
PO3,71,0.527628051847805,72.0
O1,71,0.39195394054188853,72.0
Pz,71,0.9100305910695922,72.0
POz,71,1.63197621939535,72.0
Oz,71,13.663927255428373,72.0
Iz,71,2.353186890635795,72.0
O2,72,1.8916532911511013,73.0
PO4,72,0.43474956527429076,73.0
PO8,72,1.454396731976709,73.0
P8,72,0.3212582986444257,73.0
P4,72,0.25476142884306946,73.0
P6,72,0.48448572685363367,73.0
P2,72,0.07360859758701717,73.0
P1,72,0.8910627017596585,73.0
P3,72,0.3697209968369996,73.0
P5,72,0.0918924453123609,73.0
P7,72,0.28585257614831266,73.0
PO7,72,0.7131641918474351,73.0
PO3,72,0.6395743804374315,73.0
O1,72,0.16748168198148392,73.0
Pz,72,1.5313029192852543,73.0
POz,72,0.41390535931340494,73.0
Oz,72,0.06258594116407853,73.0
Iz,72,0.04421272394631086,73.0
O2,73,0.3292662499588343,74.0
PO4,73,3.74985770123883,74.0
PO8,73,0.6956888497488717,74.0
P8,73,1.398283350513975,74.0
P4,73,1.1383702091472327,74.0
P6,73,1.7092534512570963,74.0
P2,73,0.9993962512256556,74.0
P1,73,2.583537280487599,74.0
P3,73,1.0032309574110398,74.0
P5,73,2.615518799230439,74.0
P7,73,0.955951177291433,74.0
PO7,73,4.072921083945395,74.0
PO3,73,1.874027806857029,74.0
O1,73,3.075445182489571,74.0
Pz,73,1.4445493181169415,74.0
POz,73,0.1552629044447451,74.0
Oz,73,1.038773093220103,74.0
Iz,73,0.24515107777640313,74.0
O2,74,0.20108372603359898,75.0
PO4,74,0.18173811878775722,75.0
PO8,74,1.0572181829493363,75.0
P8,74,1.783754141999665,75.0
P4,74,1.5754452870542013,75.0
P6,74,1.3075091933513188,75.0
P2,74,0.6532025841901138,75.0
P1,74,0.03649930389808185,75.0
P3,74,1.4702487663697612,75.0
P5,74,1.408006660400718,75.0
P7,74,1.2034985539334813,75.0
PO7,74,0.09306863166089581,75.0
PO3,74,0.4770825050425352,75.0
O1,74,0.7135517806711441,75.0
Pz,74,0.16754112944268795,75.0
POz,74,1.6623071837792602,75.0
Oz,74,2.1772467807345097,75.0
Iz,74,8.776271066030084,75.0
O2,75,0.38555400808895907,76.0
PO4,75,0.13159759301940196,76.0
PO8,75,2.2489150408897816,76.0
P8,75,0.36826346703414403,76.0
P4,75,1.1895900266906487,76.0
P6,75,0.6605238996931423,76.0
P2,75,1.2453454293565087,76.0
P1,75,1.010243494467001,76.0
P3,75,1.465624591782691,76.0
P5,75,0.022491119624030644,76.0
P7,75,0.673919375901322,76.0
PO7,75,1.9444719583845775,76.0
PO3,75,1.0163395803659057,76.0
O1,75,0.5536587913548766,76.0
Pz,75,4.647308951989767,76.0
POz,75,1.7944026250799023,76.0
Oz,75,0.6979867426330075,76.0
Iz,75,0.10176145902761326,76.0
O2,76,0.7033311489118244,77.0
PO4,76,0.5294334530408378,77.0
PO8,76,0.12549966815830152,77.0
P8,76,1.4128345761931016,77.0
P4,76,0.1314920687289339,77.0
P6,76,0.6319488522158296,77.0
P2,76,1.272091683328996,77.0
P1,76,1.562055781268824,77.0
P3,76,0.20089103750730541,77.0
P5,76,1.4004227454759306,77.0
P7,76,2.548293328484061,77.0
PO7,76,1.1428661132153264,77.0
PO3,76,2.333917363468567,77.0
O1,76,2.8041324600539235,77.0
Pz,76,0.16320587291935815,77.0
POz,76,0.40505799557526445,77.0
Oz,76,0.31016434328650094,77.0
Iz,76,1.8732638091282385,77.0
O2,77,2.41754397438635,78.0
PO4,77,1.4129670230019653,78.0
PO8,77,1.3425773741126426,78.0
P8,77,1.6074146012322226,78.0
P4,77,0.41575001625683655,78.0
P6,77,0.636512536133974,78.0
P2,77,0.46404141919625164,78.0
P1,77,1.2823872925315227,78.0
P3,77,0.23057547337441966,78.0
P5,77,2.3051535579609004,78.0
P7,77,0.5172892179283439,78.0
PO7,77,0.8474141502022856,78.0
PO3,77,0.2532247301984215,78.0
O1,77,0.6157870963779879,78.0
Pz,77,1.0674106657731077,78.0
POz,77,0.4309171048044328,78.0
Oz,77,3.111833713181495,78.0
Iz,77,0.8399978550166597,78.0
O2,78,0.7605634206009376,79.0
PO4,78,1.3676244571700795,79.0
PO8,78,1.5846651998087389,79.0
P8,78,0.27761835083156644,79.0
P4,78,1.6400756819281281,79.0
P6,78,1.5482029912227158,79.0
P2,78,1.1579855582724967,79.0
P1,78,0.25239226000233966,79.0
P3,78,1.4903298929917224,79.0
P5,78,0.26659506802554567,79.0
P7,78,0.5786345215197602,79.0
PO7,78,1.2871314563862517,79.0
PO3,78,2.8224506425669342,79.0
O1,78,0.46107356725286114,79.0
Pz,78,3.4399956310715925,79.0
POz,78,1.9139593921873304,79.0
Oz,78,0.35422041896137546,79.0
Iz,78,1.3474606416731647,79.0
O2,79,0.708721356594177,80.0
PO4,79,0.8684857955891633,80.0
PO8,79,0.48524389487714903,80.0
P8,79,2.1974585045962556,80.0
P4,79,1.2707914195732697,80.0
P6,79,1.4322869884621883,80.0
P2,79,1.6061127947882008,80.0
P1,79,1.6458630052061511,80.0
P3,79,1.9850000011816242,80.0
P5,79,2.0238038789433705,80.0
P7,79,1.2451186747548604,80.0
PO7,79,0.7285817883868543,80.0
PO3,79,0.2224728331106615,80.0
O1,79,0.5183723297280692,80.0
Pz,79,0.012496018235054312,80.0
POz,79,0.20167464310965214,80.0
Oz,79,0.7483213906606588,80.0
Iz,79,1.0662473516823672,80.0
O2,80,0.5732351061983525,81.0
PO4,80,0.9414498484041313,81.0
PO8,80,1.7443043716759532,81.0
P8,80,0.7984503345191857,81.0
P4,80,0.9752325661745752,81.0
P6,80,0.4035720002550684,81.0
P2,80,0.9878710967720674,81.0
P1,80,1.6497468025281725,81.0
P3,80,0.37239740027341284,81.0
P5,80,0.04413686722868035,81.0
P7,80,0.8462209262181376,81.0
PO7,80,1.0216681696274095,81.0
PO3,80,2.970013945716939,81.0
O1,80,0.9663884837588889,81.0
Pz,80,2.8831564413865545,81.0
POz,80,0.6372652267895837,81.0
Oz,80,1.210701019414784,81.0
Iz,80,0.6871161801206709,81.0
O2,81,0.6172433994525546,82.0
PO4,81,0.6731002288457851,82.0
PO8,81,1.2316922921510696,82.0
P8,81,0.6215379798543575,82.0
P4,81,0.4228478060667213,82.0
P6,81,1.0974409785587567,82.0
P2,81,0.1913306399581608,82.0
P1,81,0.32140450453328934,82.0
P3,81,0.062706314702656,82.0
P5,81,4.159371396834486,82.0
P7,81,0.9370109188779477,82.0
PO7,81,0.6115877964732541,82.0
PO3,81,0.9951940491615873,82.0
O1,81,0.7137094979719304,82.0
Pz,81,0.9528702152921164,82.0
POz,81,1.6212103900971297,82.0
Oz,81,2.383661725636637,82.0
Iz,81,1.7462142677224137,82.0
O2,82,0.3806780960452986,83.0
PO4,82,1.2973449110865367,83.0
PO8,82,0.23738913155754254,83.0
P8,82,1.6227454347264119,83.0
P4,82,1.316741283302501,83.0
P6,82,1.3461112645544464,83.0
P2,82,0.823897839820034,83.0
P1,82,0.43090149515622217,83.0
P3,82,0.47450253491639716,83.0
P5,82,0.5392424402791304,83.0
P7,82,2.6521099712923464,83.0
PO7,82,0.713159156991402,83.0
PO3,82,0.1287822173477014,83.0
O1,82,2.060364519990944,83.0
Pz,82,0.3408068627267901,83.0
POz,82,0.6809755181827253,83.0
Oz,82,0.007166696006184632,83.0
Iz,82,0.29089456167446454,83.0
O2,83,3.0071607961048565,84.0
PO4,83,0.4536149789023828,84.0
PO8,83,0.08142433837600846,84.0
P8,83,1.148729194252417,84.0
P4,83,0.4850757373390602,84.0
P6,83,0.828860574782139,84.0
P2,83,2.4406764952394893,84.0
P1,83,0.7914641292327262,84.0
P3,83,1.1994476268196064,84.0
P5,83,0.4061164133804468,84.0
P7,83,0.029308164929897202,84.0
PO7,83,0.8184503080638464,84.0
PO3,83,0.9554544631039883,84.0
O1,83,0.8544478425104748,84.0
Pz,83,1.7146366611643806,84.0
POz,83,0.6073300149438605,84.0
Oz,83,2.49960924502759,84.0
Iz,83,0.014595901070907623,84.0
O2,84,0.4117969352882494,85.0
PO4,84,1.805104973488585,85.0
PO8,84,2.1976874700538365,85.0
P8,84,0.38641574850586907,85.0
P4,84,3.1814096758451607,85.0
P6,84,0.5781017116891111,85.0
P2,84,0.25371189441474223,85.0
P1,84,1.8780492871566732,85.0
P3,84,2.505644436081249,85.0
P5,84,2.4899654302894736,85.0
P7,84,0.7744540888023876,85.0
PO7,84,0.8597819911262574,85.0
PO3,84,1.9721618264956573,85.0
O1,84,0.18157191966474767,85.0
Pz,84,0.733013130898747,85.0
POz,84,1.480649416301065,85.0
Oz,84,1.3597990770233501,85.0
Iz,84,13.247087735650293,85.0
O2,85,3.8382233818739846,86.0
PO4,85,0.8212050153930913,86.0
PO8,85,1.5498206617420995,86.0
P8,85,1.1514265045260579,86.0
P4,85,0.49864914442402425,86.0
P6,85,1.3809566550602184,86.0
P2,85,1.726856354233147,86.0
P1,85,0.5769165809565833,86.0
P3,85,0.0773207470161519,86.0
P5,85,0.7852160263953286,86.0
P7,85,2.697845859425181,86.0
PO7,85,1.4255699221173317,86.0
PO3,85,0.7536137655751054,86.0
O1,85,1.9239574334846847,86.0
Pz,85,1.8793847313329817,86.0
POz,85,1.853497661317425,86.0
Oz,85,0.1810110139334631,86.0
Iz,85,0.14812305231325187,86.0
O2,86,0.1931531339797895,87.0
PO4,86,1.4134566540521893,87.0
PO8,86,0.205604003245204,87.0
P8,86,1.904828734129548,87.0
P4,86,0.7594467272149434,87.0
P6,86,1.1700674117804135,87.0
P2,86,1.266389252950574,87.0
P1,86,1.130162016605398,87.0
P3,86,1.439843425278138,87.0
P5,86,0.44572742296681905,87.0
P7,86,0.39691798837079173,87.0
PO7,86,1.318569315908566,87.0
PO3,86,0.056749082357685054,87.0
O1,86,1.09109220170261,87.0
Pz,86,0.6196208166123026,87.0
POz,86,0.12820647991378067,87.0
Oz,86,1.2700508089856448,87.0
Iz,86,1.8456838912806741,87.0
O2,87,5.03333171079563,88.0
PO4,87,0.007693239978425777,88.0
PO8,87,1.326170048266853,88.0
P8,87,0.32143286654736447,88.0
P4,87,2.036727989217187,88.0
P6,87,1.336148838792291,88.0
P2,87,0.8839991680352417,88.0
P1,87,1.5502077431422236,88.0
P3,87,1.6742542037957657,88.0
P5,87,0.6808543527688213,88.0
P7,87,0.6985542373912936,88.0
PO7,87,0.6411630027724873,88.0
PO3,87,1.279250023927355,88.0
O1,87,0.601048187555915,88.0
Pz,87,1.984627991063983,88.0
POz,87,0.08426137298431678,88.0
Oz,87,2.4960858748880463,88.0
Iz,87,1.2547039322642772,88.0
O2,88,0.028459066027524474,89.0
PO4,88,9.311610196683844,89.0
PO8,88,1.815272604941025,89.0
P8,88,2.2351393390307583,89.0
P4,88,0.041114904557465755,89.0
P6,88,0.12714826569085685,89.0
P2,88,0.32078973211614187,89.0
P1,88,0.4931365423568447,89.0
P3,88,0.7978313151680337,89.0
P5,88,1.9819794567694742,89.0
P7,88,3.0196462384825575,89.0
PO7,88,0.06665019412442875,89.0
PO3,88,2.2061506388746177,89.0
O1,88,1.8967750336676554,89.0
Pz,88,0.06659993049243951,89.0
POz,88,0.6089573591973962,89.0
Oz,88,0.11815981983717887,89.0
Iz,88,0.5005947244780529,89.0
O2,89,,90.0
PO4,89,,90.0
PO8,89,,90.0
P8,89,,90.0
P4,89,,90.0
P6,89,,90.0
P2,89,,90.0
P1,89,,90.0
P3,89,,90.0
P5,89,,90.0
P7,89,,90.0
PO7,89,,90.0
PO3,89,,90.0
O1,89,,90.0
Pz,89,,90.0
POz,89,,90.0
Oz,89,,90.0
Iz,89,,90.0
